"","datetime_in","mac_address_in","firmware_ver_in","hardware_in","current_temp_f_in","current_humidity_in","current_dewpoint_f_in","pressure_in","adc_in","mem_in","rssi_in","uptime_in","pm1_0_cf_1_in","pm2_5_cf_1_in","pm10_0_cf_1_in","pm1_0_atm_in","pm2_5_atm_in","pm10_0_atm_in","pm2.5_aqi_cf_1_in","pm2.5_aqi_atm_in","p_0_3_um_in","p_0_5_um_in","p_1_0_um_in","p_2_5_um_in","p_5_0_um_in","p_10_0_um_in","pm1_0_cf_1_b_in","pm2_5_cf_1_b_in","pm10_0_cf_1_b_in","pm1_0_atm_b_in","pm2_5_atm_b_in","pm10_0_atm_b_in","pm2.5_aqi_cf_1_b_in","pm2.5_aqi_atm_b_in","p_0_3_um_b_in","p_0_5_um_b_in","p_1_0_um_b_in","p_2_5_um_b_in","p_5_0_um_b_in","p_10_0_um_b_in","gas_in","dateNumbers_in","DT_year_in","DT_month_in","DT_day_in","DT_hr_in","daynight_idx_in","site_id_in","site_name_in","season_id_in","inout_id_in","R_pm2_5_in"
"1",2021-10-21 07:00:00,NA,6.01,NA,92.4666666666667,56,74.4666666666667,1006.83666666667,NA,36182.6666666667,0,2700.76666666667,24.289,37.9623333333333,43.7006666666667,22.284,34.4693333333333,43.2463333333333,107.166666666667,98.1333333333333,4107.61966666667,1243.69633333333,271.841666666667,24.3286666666667,4.48733333333333,1.70033333333333,26.8723333333333,35.9653333333333,39.8016666666667,23.591,33.2853333333333,39.7356666666667,101.9,95.6,4818.43433333333,1344.79433333333,203.242,16.2166666666667,2.61333333333333,1.34933333333333,NA,1634776191.33333,2021,10,21,6,0,17,"Tanima","monsoon","indoor",1.05552569140654
"2",2021-10-21 08:00:00,NA,6.01,NA,92.5666666666667,56.3,74.7,1008.18333333333,0.01,36132,0,2940.2,27.9743333333333,44.4326666666667,51.6056666666667,24.2773333333333,38.1133333333333,48.6513333333333,122.933333333333,107.4,4721.169,1431.48566666667,324.394,29.9313333333333,5.77066666666667,2.15933333333333,30.669,41.7266666666667,46.803,25.7463333333333,36.643,45.322,116.366666666667,103.566666666667,5365.404,1527.49633333333,245.302,20.3523333333333,3.61333333333333,1.786,NA,1634779793.43333,2021,10,21,7,1,17,"Tanima","monsoon","indoor",1.06485061511424
"3",2021-10-21 09:00:00,NA,6.01,NA,91.4,57.4666666666667,74.1666666666667,1008.981,NA,36179.4666666667,0,1899.43333333333,36.9376666666667,59.0766666666667,68.569,28.678,45.045,58.537,152.333333333333,124.633333333333,6098.90033333333,1861.49366666667,431.668,40.614,7.85266666666667,3.112,39.8543333333333,54.8493333333333,61.4953333333333,29.9646666666667,43.3263333333333,54.711,147,120.266666666667,6843.54,1958.155,326.190333333333,28,4.564,2.14833333333333,NA,1634783395.2,2021,10,21,8,1,17,"Tanima","monsoon","indoor",1.07707173590685
"4",2021-10-21 10:00:00,NA,6.01,NA,91.4,56.1666666666667,73.4333333333333,1009.302,NA,36182.6666666667,0,1939.06666666667,42.4666666666667,67.8486666666667,78.316,30.992,48.5123333333333,63.3026666666667,157.333333333333,133.1,6968.23733333333,2130.48333333333,497.929666666667,46.4193333333333,8.01033333333333,3.22466666666667,46.23,63.2793333333333,70.2596666666667,32.459,46.7273333333333,59.399,155.066666666667,128.533333333333,7860.84233333333,2258.93666666667,378.898666666667,30.293,4.198,2.106,NA,1634786996.56667,2021,10,21,9,1,17,"Tanima","monsoon","indoor",1.0722089360402
"5",2021-10-21 11:00:00,NA,6.01,NA,92,54.7666666666667,73.1,1009.12233333333,NA,36189.8666666667,0,2355.5,46.8743333333333,74.788,87.152,32.7573333333333,51.111,67.3013333333333,160.966666666667,139.433333333333,7642.23466666667,2340.18733333333,550.538333333333,52.6053333333333,9.76166666666667,4.03933333333333,50.8353333333333,69.7293333333333,76.6833333333333,34.1333333333333,49.3413333333333,62.654,158.366666666667,135.133333333333,8599.40733333333,2471.94233333333,415.848,32.0353333333333,4.32166666666667,2.034,NA,1634790598.56667,2021,10,21,10,1,17,"Tanima","monsoon","indoor",1.07254718243876
"6",2021-10-21 12:00:00,NA,6.01,NA,92.7333333333333,51.9333333333333,72.3333333333333,1008.51433333333,NA,36214.9333333333,0,1090.33333333333,44.8286666666667,71.155,82.0623333333333,31.962,49.7936666666667,65.0576666666667,159.066666666667,136.233333333333,7302.00966666667,2232.97533333333,518.982,48.0276666666667,8.368,3.27433333333333,48.727,66.5423333333333,72.945,33.359,48.0473333333333,60.8173333333333,156.666666666667,131.933333333333,8248.51133333333,2372.73533333333,395.28,28.714,4.03633333333333,1.84433333333333,NA,1634794200.13333,2021,10,21,11,1,17,"Tanima","monsoon","indoor",1.06931928045805
"7",2021-10-21 13:00:00,NA,6.01,NA,93,50.4333333333333,71.6666666666667,1007.443,NA,36189.0666666667,0,1666.8,44.529,70.477,81.0083333333333,31.89,49.6036666666667,64.598,158.7,135.733333333333,7230.68866666667,2211.90266666667,515.102333333333,46.0886666666667,8.44733333333333,2.98433333333333,48.3416666666667,65.94,71.9466666666667,33.2816666666667,47.827,60.4023333333333,156.3,131.366666666667,8195.45633333333,2352.03166666667,390.145333333333,27.4836666666667,3.83033333333333,1.92866666666667,NA,1634797800.43333,2021,10,21,12,1,17,"Tanima","monsoon","indoor",1.06880497421899
"8",2021-10-21 14:00:00,NA,6.01,NA,93.9,47.2333333333333,70.6,1006.71066666667,NA,36186.9333333333,0,2419.26666666667,41.487,65.1463333333333,74.218,30.674,47.543,61.432,155.966666666667,130.7,6731.20966666667,2059.784,471.59,40.8273333333333,6.923,2.89366666666667,44.776,60.66,65.673,31.8773333333333,45.663,56.971,153.633333333333,125.966666666667,7591.18266666667,2183.51366666667,358.400333333333,24.191,2.89466666666667,1.34633333333333,NA,1634801401.56667,2021,10,21,13,1,17,"Tanima","monsoon","indoor",1.07395867677767
"9",2021-10-21 15:00:00,NA,6.01,NA,93.9333333333333,44.1333333333333,68.7333333333333,1005.854,NA,36182.6666666667,0,1699.36666666667,41.7733333333333,65.225,73.9963333333333,30.7706666666667,47.5273333333333,61.325,156,130.533333333333,6766.088,2068.93866666667,470.883333333333,39.8323333333333,6.73766666666667,2.71166666666667,45.315,61.4233333333333,66.5073333333333,32.1696666666667,46.0566666666667,57.4746666666667,154.066666666667,127.033333333333,7683.90333333333,2209.68866666667,359.776666666667,24.1036666666667,2.719,1.33033333333333,NA,1634805003.5,2021,10,21,14,1,17,"Tanima","monsoon","indoor",1.06189287458621
"10",2021-10-21 16:00:00,NA,6.01,NA,93.8666666666667,43.8666666666667,68.5666666666667,1005.47633333333,NA,36201.8666666667,0,2659.8,46.8406666666667,73.7426666666667,84.8043333333333,32.7853333333333,50.762,66.315,160.433333333333,138.533333333333,7561.724,2316.50366666667,539.092666666667,48.707,8.363,3.223,50.8843333333333,69.288,75.29,34.1493333333333,49.1693333333333,61.987,158.133333333333,134.5,8559.041,2465.88266666667,410.6,29.148,3.28933333333333,1.49566666666667,NA,1634808605.73333,2021,10,21,15,1,17,"Tanima","monsoon","indoor",1.06429203710118
"11",2021-10-21 17:00:00,NA,6.01,NA,93.8333333333333,44.6,68.7333333333333,1005.558,NA,36195.4666666667,0,1494.66666666667,51.6463333333333,82.047,94.7263333333333,34.7206666666667,54.6106666666667,70.3356666666667,164.7,145.666666666667,8347.80133333333,2557.56033333333,602.532,55.482,9.63166666666667,4.01566666666667,56.049,77.037,83.7826666666667,36.7606666666667,52.477,65.741,162.166666666667,141.4,9415.78933333333,2716.21933333333,461.967,33.1236666666667,4.04133333333333,1.94733333333333,NA,1634812206.66667,2021,10,21,16,1,17,"Tanima","monsoon","indoor",1.06503368511235
"12",2021-10-21 18:00:00,NA,6.01,NA,93.0666666666667,46.4666666666667,69.3666666666667,1006.01833333333,NA,36181.6,0,2779.86666666667,59.875,95.4533333333333,110.298666666667,39.17,62.8796666666667,76.3576666666667,171.633333333333,154.833333333333,9664.66166666667,2958.648,697.255333333333,66.5593333333333,11.7033333333333,4.606,64.5873333333333,89.3126666666667,98.248,42.3016666666667,58.8063333333333,71.8463333333333,168.5,152.666666666667,10818.4216666667,3120.99733333333,540.372666666667,42.381,5.64,2.60366666666667,NA,1634815808.56667,2021,10,21,17,1,17,"Tanima","monsoon","indoor",1.06875471191096
"13",2021-10-21 19:00:00,NA,6.01,NA,91.6333333333333,50.7,70.6333333333333,1006.51866666667,0.01,36152,0,2700,53.713,84.2486666666667,97.193,35.4826666666667,55.7103333333333,71.3953333333333,165.866666666667,148.5,8689.88866666667,2655.746,603.762,56.8936666666667,9.97833333333333,4.12066666666667,61.546,82.6896666666667,90.587,40.2643333333333,54.7896666666667,68.767,165.033333333333,147.8,10635.9886666667,3027.255,466.199,36.286,4.43033333333333,2.087,NA,1634819411,2021,10,21,18,1,17,"Tanima","monsoon","indoor",1.01885362540261
"14",2021-10-21 20:00:00,NA,6.01,NA,93.2,48.3,70.4666666666667,1007.46266666667,NA,36179.4666666667,0,1978.6,51.1103333333333,79.238,90.6843333333333,34.2433333333333,52.87,68.8406666666667,163.266666666667,143.766666666667,8277.96366666667,2526.52466666667,561.522,50.6733333333333,8.76733333333333,3.27733333333333,55.436,74.984,81.9053333333333,36.2543333333333,51.2023333333333,65.0053333333333,160.933333333333,139.7,9458.54333333333,2704.51833333333,431.731333333333,32.104,4.28333333333333,2.094,NA,1634823011.86667,2021,10,21,19,1,17,"Tanima","monsoon","indoor",1.05673210284861
"15",2021-10-21 21:00:00,NA,6.01,NA,94,48.1666666666667,71,1008.14833333333,NA,36179.7333333333,0,2379.1,52.0833333333333,80.2883333333333,91.5973333333333,34.592,53.2683333333333,69.2023333333333,163.7,144.833333333333,8442.36866666667,2573.792,563.218,49.702,8.86066666666667,3.46966666666667,55.5973333333333,75.1183333333333,82.2123333333333,36.3176666666667,51.2286666666667,65.1666666666667,161.1,139.766666666667,9435.757,2704.95833333333,433.525333333333,32.8546666666667,4.11366666666667,1.89166666666667,NA,1634826613.66667,2021,10,21,20,0,17,"Tanima","monsoon","indoor",1.06882474318298
"16",2021-10-21 22:00:00,NA,6.01,NA,93.9,48.9666666666667,71.5333333333333,1008.40066666667,NA,36216.5333333333,0,1778.73333333333,52.9103333333333,81.1566666666667,92.429,34.9773333333333,53.7413333333333,69.61,164.2,145.833333333333,8547.24666666667,2606.74366666667,568.799333333333,49.582,8.786,3.55233333333333,56.41,76.239,83.5146666666667,36.8303333333333,51.6063333333333,65.767,161.7,140.7,9579.024,2745.43133333333,439.801333333333,33.7963333333333,4.44633333333333,2.066,NA,1634830213.86667,2021,10,21,21,0,17,"Tanima","monsoon","indoor",1.06450329446434
"17",2021-10-21 23:00:00,NA,6.01,NA,93.7666666666667,49,71.7666666666667,1008.23866666667,NA,36193.3333333333,0,1234.43333333333,54.2216666666667,83.56,95.569,35.6123333333333,55.1316666666667,70.854,165.466666666667,149.2,8780.02666666667,2675.12333333333,585.594,52.9666666666667,9.123,3.76733333333333,57.7563333333333,78.425,86.9316666666667,37.7326666666667,52.4186666666667,67.231,162.866666666667,142.7,9831.166,2818.61566666667,454.611,37.91,5.60233333333333,2.747,NA,1634833813.46667,2021,10,21,22,0,17,"Tanima","monsoon","indoor",1.06547656997131
"18",2021-10-22 00:00:00,NA,6.01,NA,93.7333333333333,49,71.7333333333333,1008.00866666667,NA,36209.3333333333,0,2531.9,57.1656666666667,89.1786666666667,103.500333333333,37.369,58.7343333333333,73.8493333333333,168.4,152.633333333333,9278.30466666667,2829.37333333333,632.216666666667,62.2556666666667,11.038,4.66033333333333,60.507,83.9556666666667,95.3176666666667,39.577,55.2773333333333,70.687,165.733333333333,149.3,10341.4343333333,2965.56433333333,499.239,48.1866666666667,8.222,4.14233333333333,NA,1634837414.6,2021,10,21,23,0,17,"Tanima","monsoon","indoor",1.06221140522577
"19",2021-10-22 01:00:00,NA,6.01,NA,94,49.2333333333333,72,1007.95633333333,0.01,36170.1333333333,0,2940.23333333333,63.069,98.7593333333333,114.751333333333,41.3113333333333,65.1113333333333,78.053,173.333333333333,155.933333333333,10229.4953333333,3117.10133333333,700.926333333333,69.6526666666667,12.408,4.99866666666667,67.0046666666667,93.5463333333333,107.055333333333,43.9243333333333,61.581,75.0496666666667,170.633333333333,154.1,11403.704,3280.33333333333,558.921,57.0333333333333,10.0586666666667,5.01766666666667,NA,1634841016.56667,2021,10,22,0,0,17,"Tanima","monsoon","indoor",1.05572639583237
"20",2021-10-22 02:00:00,NA,6.01,NA,94,50,72,1007.71666666667,NA,36173.0666666667,0,1899.36666666667,69.445,106.892666666667,123.180666666667,45.5493333333333,70.5,81.927,177.566666666667,158.8,11235.964,3421.54166666667,746.557,70.3436666666667,12.7073333333333,5.13633333333333,73.599,101.918333333333,114.869333333333,48.293,67.1733333333333,77.9186666666667,175,157.1,12480.293,3589.55933333333,596.415666666667,57.835,9.68566666666667,4.62333333333333,NA,1634844618.3,2021,10,22,1,0,17,"Tanima","monsoon","indoor",1.04880705139737
"21",2021-10-22 03:00:00,NA,6.01,NA,93.8666666666667,50,71.9,1007.32066666667,NA,36212.2666666667,0,1506.8,78.309,119.888333333333,137.483333333333,51.4486666666667,79.158,90.885,184.233333333333,163.2,12590.159,3834.356,829.504666666667,78.6316666666667,13.59,5.30733333333333,82.373,113.975666666667,128.164333333333,54.1593333333333,75.2213333333333,84.8546666666667,181.233333333333,161.2,13963.2606666667,4013.48566666667,664.444666666667,63.4523333333333,10.9636666666667,5.04533333333333,NA,1634848219.26667,2021,10,22,2,0,17,"Tanima","monsoon","indoor",1.05187657014508
"22",2021-10-22 04:00:00,NA,6.01,NA,94,50,72,1007.33533333333,NA,36177.3333333333,0,2939.56666666667,81.3436666666667,124.830333333333,143.429,53.4926666666667,82.4726666666667,94.8676666666667,186.7,165,13081.287,3985.60366666667,867.603333333333,81.794,14.457,5.85533333333333,85.848,119.058333333333,134.275666666667,56.463,78.5876666666667,88.734,183.8,162.966666666667,14497.1573333333,4175.79866666667,697.769666666667,66.4,12.282,5.33366666666667,NA,1634851820.36667,2021,10,22,3,0,17,"Tanima","monsoon","indoor",1.04848043676069
"23",2021-10-22 05:00:00,NA,6.01,NA,93.6666666666667,50,72.0333333333333,1007.483,NA,36229.6,0,1210.23333333333,78.8783333333333,120.92,138.501,51.8256666666667,79.8413333333333,91.581,184.7,163.533333333333,12664.147,3863.22866666667,840.833333333333,79.174,13.0033333333333,5.12666666666667,83.019,114.293333333333,127.445333333333,54.6076666666667,75.4406666666667,84.3013333333333,181.366666666667,161.2,13986.1306666667,4029.116,668.179666666667,59.207,10.2736666666667,4.315,NA,1634855420.6,2021,10,22,4,0,17,"Tanima","monsoon","indoor",1.05797946803547
"24",2021-10-22 06:00:00,NA,6.01,NA,93.8,50,72,1008.001,NA,36213.3333333333,0,1010.26666666667,79.4933333333333,122.170666666667,139.841,52.2866666666667,80.7266666666667,92.498,185.533333333333,164.1,12731.163,3886.41233333333,853.283333333333,78.8103333333333,13.4333333333333,5.38333333333333,83.9696666666667,115.453,129.413,55.2156666666667,76.2036666666667,85.5416666666667,181.966666666667,161.733333333333,14149.7406666667,4076.14266666667,674.059,61.0646666666667,10.4613333333333,5.099,NA,1634859019.5,2021,10,22,5,0,17,"Tanima","monsoon","indoor",1.05818529329396
"25",2021-10-22 07:00:00,NA,6.01,NA,93.5,50,72.0333333333333,1008.70633333333,NA,36145.3333333333,0,2899.8,79.15,122.743666666667,140.610333333333,52.039,81.0916666666667,92.9983333333333,185.766666666667,164.133333333333,12684.9083333333,3873.97866666667,869.563333333333,80.815,13.3386666666667,5.35033333333333,83.198,115.731,130.145,54.7153333333333,76.4226666666667,86.0393333333333,182.066666666667,161.866666666667,14006.5813333333,4042.75266666667,688.256666666667,63.2256666666667,11.3516666666667,4.712,NA,1634862620.83333,2021,10,22,6,0,17,"Tanima","monsoon","indoor",1.06059453963646
"26",2021-10-22 08:00:00,NA,6.01,NA,93.5,50.1,72.3666666666667,1009.409,NA,36215.7333333333,0,1247.16666666667,74.8243333333333,117.250666666667,135.556,49.1306666666667,77.4403333333333,89.6426666666667,182.933333333333,162.366666666667,12036.5283333333,3679.023,838.648333333333,80.9963333333333,14.381,5.542,79.247,110.376666666667,123.800666666667,52.094,72.8303333333333,82.1473333333333,179.3,159.966666666667,13321.7796666667,3846.74466666667,658.794666666667,60.7686666666667,9.88666666666667,4.158,NA,1634866221.93333,2021,10,22,7,1,17,"Tanima","monsoon","indoor",1.06227765530154
"27",2021-10-22 09:00:00,NA,6.01,NA,93.4,50.9666666666667,72.4,1010.03233333333,NA,36218.9333333333,0,2003.7,70.8363333333333,110.724666666667,127.315666666667,46.4486666666667,73.0686666666667,84.3263333333333,179.533333333333,160.033333333333,11417.5913333333,3487.355,786.98,73.463,12.8313333333333,5.03966666666667,75.283,104.341,116.785,49.4446666666667,68.8096666666667,78.6253333333333,176.233333333333,157.833333333333,12671.22,3657.08033333333,619.316,56.482,8.60966666666667,3.78033333333333,NA,1634869824.5,2021,10,22,8,1,17,"Tanima","monsoon","indoor",1.06118080780007
"28",2021-10-22 10:00:00,NA,6.01,NA,93.8,50.3333333333333,72.7666666666667,1010.40633333333,NA,36174.1333333333,0,2740.33333333333,68.005,105.183666666667,120.595666666667,44.5893333333333,69.3653333333333,80.617,176.633333333333,158.133333333333,10965.1543333333,3344.548,743.173666666667,67.9753333333333,11.7686666666667,4.80433333333333,72.4353333333333,99.588,110.338666666667,47.5176666666667,65.6473333333333,76.259,173.7,156.266666666667,12225.8766666667,3513.98866666667,584.945,49.8106666666667,7.27266666666667,3.257,NA,1634873427.6,2021,10,22,9,1,17,"Tanima","monsoon","indoor",1.05618816189367
"29",2021-10-22 11:00:00,NA,6.01,NA,94.1666666666667,50,72.4666666666667,1010.47866666667,NA,36154.1333333333,0,1570.76666666667,64.4156666666667,99.3093333333333,113.777666666667,42.1803333333333,65.456,77.524,173.6,156.166666666667,10391.689,3165.812,696.143,64.7816666666667,10.9936666666667,4.32466666666667,69.4093333333333,94.4816666666667,104.328666666667,45.5203333333333,62.226,74.1273333333333,171.166666666667,154.433333333333,11726.1576666667,3370.029,546.232,45.4496666666667,6.56466666666667,2.84166666666667,NA,1634877029.96667,2021,10,22,10,1,17,"Tanima","monsoon","indoor",1.05109633262185
"30",2021-10-22 12:00:00,NA,6.01,NA,94.8,49,72.4,1009.809,NA,36185.8666666667,0,2979.66666666667,60.5723333333333,93.692,106.519666666667,39.6036666666667,61.7176666666667,74.9053333333333,170.866666666667,154.2,9772.26733333333,2980.938,660.622666666667,59.1286666666667,9.611,3.82733333333333,65.2093333333333,88.6333333333333,97.1263333333333,42.6976666666667,58.3276666666667,71.4176666666667,168.1,152.366666666667,11010.0556666667,3163.85066666667,510.674666666667,40.1926666666667,5.45033333333333,2.48933333333333,NA,1634880631.7,2021,10,22,11,1,17,"Tanima","monsoon","indoor",1.05707408800301
"31",2021-10-22 13:00:00,NA,6.01,NA,95,48.0344827586207,72,1009.20034482759,0.01,36177.9310344828,0,2055.20689655172,57.5955172413793,89.638275862069,102.042068965517,37.6193103448276,59.0003448275862,73.2468965517241,168.586206896552,152.827586206897,9322.53793103448,2844.20655172414,634.564137931034,57.2389655172414,9.51931034482759,3.63275862068966,62.3341379310345,84.3413793103448,92.0472413793103,40.7734482758621,55.4893103448276,69.3941379310345,165.965517241379,150,10494.9582758621,3020.67931034483,486.535172413793,36.0472413793103,4.70241379310345,2.18,NA,1634884189.13793,2021,10,22,12,1,17,"Tanima","monsoon","indoor",1.06280305817899
"32",2021-10-22 14:00:00,NA,6.01,NA,95,47.3333333333333,71.8333333333333,1008.42866666667,NA,36140.2666666667,0,2179.46666666667,54.854,85.14,97.2213333333333,35.945,56.0853333333333,71.4533333333333,166.266666666667,150.6,8857.675,2704.631,605.116,54.5076666666667,9.11033333333333,3.46066666666667,59.298,80.2853333333333,87.305,38.7663333333333,53.2463333333333,67.38,163.766666666667,144.7,9984.834,2871.21466666667,469.538666666667,33.6716666666667,3.91966666666667,1.89933333333333,NA,1634887834.2,2021,10,22,13,1,17,"Tanima","monsoon","indoor",1.060467665327
"33",2021-10-22 15:00:00,NA,6.01,NA,95,47.9,72,1007.9,NA,36148.8,0,2580.3,56.2,88.5916666666667,102.333666666667,36.7543333333333,58.3293333333333,73.36,168.133333333333,152.433333333333,9097.07433333333,2781.11966666667,639.431333333333,60.2296666666667,10.5486666666667,4.456,60.7463333333333,83.3326666666667,91.8453333333333,39.7156666666667,54.9516666666667,69.2466666666667,165.333333333333,148.266666666667,10252.7213333333,2952.10366666667,495.23,39.251,5.03133333333333,2.33133333333333,NA,1634891437.3,2021,10,22,14,1,17,"Tanima","monsoon","indoor",1.06310850486804
"34",2021-10-22 16:00:00,NA,6.01,NA,94.3,48.8,71.8333333333333,1007.473,NA,36160.2666666667,0,2980.7,58.8316666666667,93.0946666666667,107.629666666667,38.4466666666667,61.3183333333333,75.2886666666667,170.433333333333,154.066666666667,9543.607,2915.98566666667,675.055,64.2286666666667,11.248,4.294,63.7396666666667,88.0603333333333,97.7633333333333,41.7336666666667,57.942,71.6653333333333,167.8,152.2,10733.22,3093.493,525.099666666667,43.9983333333333,6.61166666666667,3.183,NA,1634895040.2,2021,10,22,15,1,17,"Tanima","monsoon","indoor",1.05716913782596
"35",2021-10-22 17:00:00,NA,6.01,NA,94.5666666666667,49,72.5666666666667,1007.59033333333,NA,36169.0666666667,0,1398.53333333333,60.8826666666667,97.1383333333333,112.582333333333,39.834,63.997,77.0883333333333,172.566666666667,155.466666666667,9876.767,3018.69133333333,703.734333333333,69.3696666666667,12.0253333333333,4.776,66.0076666666667,91.1816666666667,101.265333333333,43.2556666666667,60.035,73.015,169.4,153.4,11082.2293333333,3196.37633333333,544.457333333333,45.8993333333333,6.75266666666667,3.26833333333333,NA,1634898641.53333,2021,10,22,16,1,17,"Tanima","monsoon","indoor",1.06532745983293
"36",2021-10-22 18:00:00,NA,6.01,NA,93.5666666666667,49,71.6,1007.58566666667,NA,36199.4666666667,0,1130.26666666667,61.7466666666667,98.2603333333333,114.210333333333,40.4206666666667,64.744,77.699,173.066666666667,155.8,10003.9196666667,3058.19633333333,715.713666666667,69.922,12.332,5.01166666666667,66.776,92.748,103.539,43.7656666666667,61.0816666666667,73.852,170.166666666667,153.933333333333,11250.9843333333,3241.38933333333,556.492333333333,48.732,7.515,3.47933333333333,NA,1634902240.6,2021,10,22,17,1,17,"Tanima","monsoon","indoor",1.05943344690272
"37",2021-10-22 19:00:00,NA,6.01,NA,93.6666666666667,49,71.5333333333333,1008.11133333333,0.01,36168,0,2338.2,60.0453333333333,95.4236666666667,110.924333333333,39.2803333333333,62.857,76.4883333333333,171.566666666667,154.8,9735.671,2975.885,691.507333333333,68.3983333333333,11.913,4.97433333333333,65.3196666666667,90.4743333333333,101.545666666667,42.7753333333333,59.5433333333333,73.0513333333333,169.1,153.133333333333,11007.2983333333,3173.318,545.604666666667,48.2513333333333,7.574,3.65066666666667,NA,1634905841.2,2021,10,22,18,1,17,"Tanima","monsoon","indoor",1.05470428077208
"38",2021-10-22 20:00:00,NA,6.01,NA,94,48.6,71.3,1009.30266666667,NA,36189.0666666667,0,2099.16666666667,59.4833333333333,94.5376666666667,109.963666666667,38.9133333333333,62.3046666666667,76.1733333333333,171.1,154.566666666667,9654.139,2951.622,686.544,67.195,12.3643333333333,4.57433333333333,64.3693333333333,89.093,100.123333333333,42.1673333333333,58.679,72.5636666666667,168.3,152.633333333333,10831.3233333333,3125.34733333333,536.86,47.128,8.06966666666667,3.81666666666667,NA,1634909443.53333,2021,10,22,19,1,17,"Tanima","monsoon","indoor",1.06111217117694
"39",2021-10-22 21:00:00,NA,6.01,NA,93.7,49,71.7,1009.535,NA,36182.6666666667,0,1826.73333333333,59.6926666666667,94.4566666666667,109.409333333333,39.0653333333333,62.2413333333333,75.9693333333333,171.166666666667,154.533333333333,9679.74766666667,2956.57,682.839333333333,65.5333333333333,11.9256666666667,4.52,64.951,90.318,100.798333333333,42.55,59.4696666666667,72.832,168.833333333333,153.033333333333,10968.0026666667,3160.28933333333,540.882333333333,47.5733333333333,7.33033333333333,3.54766666666667,NA,1634913044.56667,2021,10,22,20,0,17,"Tanima","monsoon","indoor",1.04582327627568
"40",2021-10-22 22:00:00,NA,6.01,NA,93.8666666666667,49,71.8666666666667,1009.94066666667,NA,36186.9333333333,0,2339.46666666667,60.8443333333333,95.6103333333333,110.500666666667,39.81,62.9886666666667,76.293,171.7,154.933333333333,9866.07566666667,3008.54933333333,688.125333333333,65.6086666666667,11.328,4.31633333333333,66.0813333333333,90.8483333333333,100.325333333333,43.3186666666667,59.8356666666667,72.675,169.233333333333,153.233333333333,11149.7526666667,3206.71,536.141666666667,43.7083333333333,6.713,3.071,NA,1634916646.2,2021,10,22,21,0,17,"Tanima","monsoon","indoor",1.05241703204975
"41",2021-10-22 23:00:00,NA,6.01,NA,94,49.6,72,1010.09366666667,NA,36173.0666666667,0,1751.43333333333,65.8113333333333,103.623,120.009,43.137,68.326,80.2876666666667,175.833333333333,157.6,10640.423,3251.36766666667,744.001,71.5716666666667,12.9996666666667,5.34166666666667,71.257,98.9733333333333,110.769,46.7313333333333,65.2416666666667,76.404,173.5,155.966666666667,12026.321,3464.56566666667,593.592666666667,52.2096666666667,8.48766666666667,3.888,NA,1634920247.33333,2021,10,22,22,0,17,"Tanima","monsoon","indoor",1.04697898423818
"42",2021-10-23 00:00:00,NA,6.01,NA,94,50,72,1010.05166666667,NA,36152.2666666667,0,2379.4,67.8443333333333,107.218666666667,125.22,44.505,70.7383333333333,83.0526666666667,177.766666666667,158.9,10987.5113333333,3354.85933333333,771.45,77.0996666666667,14.261,5.679,73.4386666666667,102.292333333333,114.714333333333,48.1993333333333,67.441,77.797,175.066666666667,157.166666666667,12394.1533333333,3567.49633333333,614.769,54.7393333333333,9.28433333333333,4.42933333333333,NA,1634923848.73333,2021,10,22,23,0,17,"Tanima","monsoon","indoor",1.04815936026487
"43",2021-10-23 01:00:00,NA,6.01,NA,94,50,72,1009.85933333333,NA,36215.4666666667,0,1258.6,66.8786666666667,105.178666666667,121.644333333333,43.8163333333333,69.3616666666667,81.0413333333333,176.6,158.166666666667,10830.8043333333,3307.346,749.197333333333,73.7533333333333,12.727,4.798,72.2533333333333,99.455,110.800666666667,47.4183333333333,65.5243333333333,76.4286666666667,173.766666666667,156.166666666667,12156.1153333333,3503.011,587.839,50.5816666666667,7.96433333333333,3.986,NA,1634927449.23333,2021,10,23,0,0,17,"Tanima","monsoon","indoor",1.05755031588826
"44",2021-10-23 02:00:00,NA,6.01,NA,94,50,72,1009.556,NA,36225.3333333333,0,1382.4,75.6083333333333,122.368666666667,144.897666666667,49.6723333333333,80.8403333333333,95.9216666666667,185.566666666667,164,12267.6646666667,3750.64666666667,898.920666666667,97.3613333333333,17.508,7.01333333333333,81.1956666666667,115.855,135.852666666667,53.3706666666667,76.4836666666667,90.3516666666667,182.133333333333,161.866666666667,13661.7906666667,3955.76133333333,722.922333333333,77.7966666666667,17.67,8.249,NA,1634931048.76667,2021,10,23,1,0,17,"Tanima","monsoon","indoor",1.05622257707192
"45",2021-10-23 03:00:00,NA,6.01,NA,93.7666666666667,50,71.8333333333333,1008.989,NA,36196.5333333333,0,1859.3,78.0316666666667,128.769,154.594,51.2576666666667,85.0986666666667,102.3,188.8,166.333333333333,12690.084,3891.24333333333,965.722666666667,110.469666666667,20.0113333333333,7.99566666666667,83.5673333333333,121.479,144.177333333333,54.938,80.2036666666667,95.3436666666667,185.066666666667,163.733333333333,14058.5676666667,4083.441,777.517333333333,86.6966666666667,21.0763333333333,10.1733333333333,NA,1634934650.63333,2021,10,23,2,0,17,"Tanima","monsoon","indoor",1.06001037216309
"46",2021-10-23 04:00:00,NA,6.01,NA,94,50,72,1009.16733333333,NA,36156.2666666667,0,2540.1,78.2533333333333,129.956,155.991666666667,51.399,85.8993333333333,103.230333333333,189.4,166.733333333333,12755.9803333333,3908.57266666667,981.207333333333,110.736,20.507,7.94866666666667,83.7886666666667,122.572,145.787333333333,55.1106666666667,80.9456666666667,96.454,185.633333333333,164.166666666667,14096.489,4095.24166666667,789.324,89.756,21.4573333333333,10.2143333333333,NA,1634938253.56667,2021,10,23,3,0,17,"Tanima","monsoon","indoor",1.06024214339327
"47",2021-10-23 05:00:00,NA,6.01,NA,93.8,50,71.8333333333333,1009.03466666667,NA,36202.9333333333,0,1859.63333333333,80.0253333333333,133.005,159.636333333333,52.615,87.911,105.673,190.966666666667,167.7,13031.0833333333,3995.38,1009.20566666667,113.957666666667,20.5043333333333,8.148,86.4976666666667,126.824666666667,151.414,56.9083333333333,83.797,100.198666666667,187.833333333333,165.666666666667,14548.778,4227.66233333333,824.272333333333,94.3386666666667,22.4276666666667,10.6946666666667,NA,1634941855.26667,2021,10,23,4,0,17,"Tanima","monsoon","indoor",1.04873131935428
"48",2021-10-23 06:00:00,NA,6.01,NA,94,50,72,1009.832,NA,36183.4666666667,0,1166.63333333333,75.4763333333333,122.893333333333,145.868333333333,49.5853333333333,81.203,96.5193333333333,185.766666666667,164.233333333333,12224.1393333333,3746.871,917.579,97.9673333333333,17.5626666666667,7.27066666666667,80.8076666666667,116.667,135.452666666667,53.13,77.022,89.5516666666667,182.566666666667,162.1,13589.7083333333,3940.25466666667,736.680333333333,77.204,16.2693333333333,7.22566666666667,NA,1634945456.16667,2021,10,23,5,0,17,"Tanima","monsoon","indoor",1.05336841894737
"49",2021-10-23 07:00:00,NA,6.01,NA,93.8333333333333,50,71.8666666666667,1010.47833333333,NA,36145.3333333333,0,2899.86666666667,71.5093333333333,114.786333333333,134.827,46.919,75.79,89.1643333333333,181.566666666667,161.566666666667,11581.9376666667,3542.76233333333,842.459666666667,87.0543333333333,15.5513333333333,6.16833333333333,76.8523333333333,109.03,123.806333333333,50.495,71.936,82.1383333333333,178.566666666667,159.466666666667,12925.108,3736.06066666667,672.172333333333,64.784,11.6143333333333,5.464,NA,1634949057.4,2021,10,23,6,0,17,"Tanima","monsoon","indoor",1.05279586658106
"50",2021-10-23 08:00:00,NA,6.01,NA,94,50,72,1011.28266666667,NA,36184.8,0,1326.3,66.9893333333333,107.024333333333,124.709666666667,43.8856666666667,70.563,82.739,177.566666666667,158.866666666667,10861.6043333333,3322.62566666667,778.959333333333,78.1966666666667,13.8136666666667,5.35166666666667,72.7333333333333,101.534333333333,114.222666666667,47.726,66.9236666666667,77.718,174.8,156.866666666667,12225.1063333333,3530.03633333333,613.866333333333,55.9083333333333,9.311,4.22266666666667,NA,1634952657.43333,2021,10,23,7,1,17,"Tanima","monsoon","indoor",1.05407038013414
"51",2021-10-23 09:00:00,NA,6.01,NA,94.7666666666667,49.3666666666667,72.7666666666667,1011.9,NA,36179.4666666667,0,3018.13333333333,61.6663333333333,97.0776666666667,111.107,40.376,63.989,76.5943333333333,172.533333333333,155.4,9949.77466666667,3040.243,694.808333333333,64.984,10.7496666666667,4.18633333333333,66.8203333333333,92.3656666666667,102.141,43.7733333333333,60.8153333333333,73.3293333333333,170.066666666667,153.666666666667,11245.0456666667,3244.475,546.314,45.9366666666667,6.84866666666667,3.02433333333333,NA,1634956258.13333,2021,10,23,8,1,17,"Tanima","monsoon","indoor",1.05101462664699
"52",2021-10-23 10:00:00,NA,6.01,NA,95,48.8,72.5666666666667,1012.18233333333,0.01,36211.7333333333,0,1977.9,59.0756666666667,91.798,105.411666666667,38.6113333333333,60.4473333333333,74.495,169.666666666667,153.5,9531.40933333333,2911.20633333333,652.656,60.3986666666667,10.525,4.24,63.904,87.3436666666667,96.006,41.8456666666667,57.4703333333333,70.935,167.466666666667,151.966666666667,10773.3473333333,3102.371,509.265333333333,40.421,5.57466666666667,2.57566666666667,NA,1634959857.7,2021,10,23,9,1,17,"Tanima","monsoon","indoor",1.0509977827051
"53",2021-10-23 11:00:00,NA,6.01,NA,95.1666666666667,47.6,71.9,1011.89533333333,NA,36195.4666666667,0,2218.73333333333,54.932,85.2396666666667,97.3246666666667,36.0423333333333,56.1866666666667,71.4873333333333,166.366666666667,150.466666666667,8867.695,2710.26033333333,603.373,54.5396666666667,9.198,3.41933333333333,59.8593333333333,81.2106666666667,88.8553333333333,39.1413333333333,53.7886666666667,68.0606666666667,164.3,146,10086.1883333333,2901.10433333333,471.298333333333,36.147,4.75666666666667,2.05666666666667,NA,1634963458.46667,2021,10,23,10,1,17,"Tanima","monsoon","indoor",1.04961170946345
"54",2021-10-23 12:00:00,NA,6.01,NA,95.8275862068966,46,71.4827586206897,1011.14,NA,36185.6551724138,0,2544.10344827586,49.7786206896552,77.1296551724138,87.9224137931034,33.7144827586207,51.9155172413793,67.6220689655172,162.172413793103,141.310344827586,8059.99724137931,2461.56068965517,549.625862068965,47.8731034482759,8.06931034482759,3.28551724137931,54.7055172413793,74.1162068965517,80.8206896551724,35.8641379310345,50.9396551724138,64.5755172413793,160.48275862069,138.965517241379,9219.1075862069,2650.50551724138,431.259310344828,31.87,3.87103448275862,1.79344827586207,NA,1634967000.2069,2021,10,23,11,1,17,"Tanima","monsoon","indoor",1.04065842549212
"55",2021-10-23 13:00:00,NA,6.01,NA,95.7,45.0333333333333,70.7333333333333,1010.21566666667,NA,36173.0666666667,0,3019.96666666667,48.145,74.6553333333333,85.5256666666667,33.1776666666667,51.033,66.6116666666667,160.933333333333,139.266666666667,7792.06966666667,2380.46866666667,533.985666666667,48.4816666666667,8.308,3.09766666666667,52.339,71.2363333333333,77.677,34.647,49.8953333333333,63.069,159.133333333333,136.466666666667,8857.65,2547.406,414.114,31.465,3.694,1.768,NA,1634970542.43333,2021,10,23,12,1,17,"Tanima","monsoon","indoor",1.04799517100356
"56",2021-10-23 14:00:00,NA,6.01,NA,95,45.1666666666667,70.1,1009.521,NA,36236,0,1243.53333333333,47.4356666666667,74.1516666666667,84.771,32.9586666666667,50.8813333333333,66.2503333333333,160.633333333333,138.866666666667,7698.792,2350.98366666667,531.503,46.943,8.26833333333333,3.52633333333333,51.717,70.366,76.6873333333333,34.4526666666667,49.6203333333333,62.6763333333333,158.7,135.8,8745.15666666667,2511.72266666667,413.826666666667,30.27,3.59466666666667,1.647,NA,1634974144.6,2021,10,23,13,1,17,"Tanima","monsoon","indoor",1.05379965703133
"57",2021-10-23 15:00:00,NA,6.01,NA,94.7666666666667,45.6,70.1666666666667,1008.60066666667,0.01,36168,0,2819.53333333333,47.04,73.4483333333333,83.4536666666667,32.8443333333333,50.657,65.6893333333333,160.4,138.3,7610.95066666667,2326.786,529.210333333333,44.9616666666667,7.482,3.06866666666667,51.353,70.1436666666667,76.3476666666667,34.3056666666667,49.5256666666667,62.476,158.6,135.6,8695.58266666667,2501.66433333333,411.729,30.1053333333333,3.47966666666667,1.545,NA,1634977747.53333,2021,10,23,14,1,17,"Tanima","monsoon","indoor",1.04711283033393
"58",2021-10-23 16:00:00,NA,6.01,NA,94.7,46,70.7,1008.26366666667,NA,36177.3333333333,0,1939.96666666667,45.732,71.5736666666667,81.5236666666667,32.3423333333333,50.0016666666667,64.837,159.366666666667,136.666666666667,7410.393,2266.22433333333,515.297,44.778,7.72233333333333,3.183,49.9126666666667,68.225,74.253,33.8296666666667,48.7793333333333,61.5306666666667,157.566666666667,133.7,8425.39066666667,2426.49833333333,399.454666666667,29.5906666666667,3.41033333333333,1.62133333333333,NA,1634981350.46667,2021,10,23,15,1,17,"Tanima","monsoon","indoor",1.0490826920728
"59",2021-10-23 17:00:00,NA,6.01,NA,94.8333333333333,46,70.8333333333333,1008.37533333333,NA,36185.8666666667,0,2339.26666666667,43.994,68.773,78.2683333333333,31.6376666666667,48.9223333333333,63.3553333333333,157.833333333333,134.1,7128.506,2180.31966666667,497.564,42.7746666666667,7.58733333333333,2.72933333333333,48.099,65.6426666666667,71.129,33.2396666666667,47.7806666666667,60.02,156.166666666667,131.233333333333,8131.377,2339.26333333333,386.674666666667,27.1533333333333,3.037,1.44766666666667,NA,1634984951.83333,2021,10,23,16,1,17,"Tanima","monsoon","indoor",1.04768747968801
"60",2021-10-23 18:00:00,NA,6.01,NA,94.6333333333333,46.1666666666667,70.6666666666667,1008.448,NA,36173.0666666667,0,2739.53333333333,42.7533333333333,66.945,76.9506666666667,31.1543333333333,48.2446666666667,62.729,156.966666666667,132.366666666667,6945.74666666667,2124.64933333333,485.436666666667,42.5026666666667,7.87433333333333,3.03933333333333,46.6006666666667,63.6143333333333,69.3563333333333,32.7043333333333,46.9253333333333,59.0743333333333,155.233333333333,129.133333333333,7904.796,2273.45066666667,374.046666666667,27.615,3.219,1.62,NA,1634988553.46667,2021,10,23,17,1,17,"Tanima","monsoon","indoor",1.05235717317376
"61",2021-10-23 19:00:00,NA,6.01,NA,94.1666666666667,44.7333333333333,69.2,1009.03866666667,NA,36184.8,0,1411.16666666667,49.2983333333333,77.5756666666667,89.1603333333333,33.792,52.9373333333333,67.8736666666667,162.4,142.3,8038.49766666667,2453.10466666667,560.455666666667,51.469,8.938,3.438,53.6726666666667,73.7923333333333,81.2903333333333,36.079,51.061,64.5253333333333,160.6,139.2,9092.85766666667,2616.16066666667,434.514,35.2246666666667,4.73333333333333,2.16166666666667,NA,1634992154.7,2021,10,23,18,1,17,"Tanima","monsoon","indoor",1.05127000546579
"62",2021-10-23 20:00:00,NA,6.01,NA,93.8,42.0333333333333,66.9333333333333,1009.95066666667,NA,36181.6,0,1698.76666666667,55.1016666666667,86.8436666666667,100.333666666667,36.092,57.187,72.6223333333333,167.233333333333,151.5,8973.96733333333,2737.183,624.940666666667,59.6303333333333,10.6373333333333,4.37166666666667,59.74,82.7033333333333,92.558,39.0923333333333,54.611,69.6056666666667,165.033333333333,147.8,10134.6523333333,2912.52766666667,490.615666666667,44.1056666666667,6.44733333333333,3.21666666666667,NA,1634995755.63333,2021,10,23,19,1,17,"Tanima","monsoon","indoor",1.05006247229052
"63",2021-10-23 21:00:00,NA,6.01,NA,93.8333333333333,42.5,67.5,1010.564,NA,36199.7333333333,0,2419.13333333333,55.2326666666667,87.558,102.042666666667,36.1346666666667,57.6583333333333,73.272,167.533333333333,152.2,8997.71966666667,2747.581,637.55,61.1943333333333,11.7566666666667,4.69066666666667,60.0243333333333,83.469,93.1283333333333,39.2616666666667,54.9686666666667,69.8826666666667,165.4,148.733333333333,10169.2123333333,2926.03633333333,499.333333333333,43.7366666666667,6.50433333333333,3.35433333333333,NA,1634999357.8,2021,10,23,20,0,17,"Tanima","monsoon","indoor",1.04898824713367
"64",2021-10-23 22:00:00,NA,6.01,NA,94,43.5,68.2666666666667,1010.80433333333,NA,36160.2666666667,0,1858.86666666667,60.5076666666667,96.1483333333333,111.503,39.583,63.3183333333333,76.7333333333333,172,155.1,9836.732,3001.54233333333,694.777,68.065,11.672,4.73333333333333,65.378,90.913,101.626333333333,42.825,59.8756666666667,73.1226666666667,169.366666666667,153.266666666667,11052.2263333333,3182.95133333333,541.633666666667,48.3726666666667,7.18533333333333,3.54933333333333,NA,1635002958.76667,2021,10,23,21,0,17,"Tanima","monsoon","indoor",1.05758619046048
"65",2021-10-23 23:00:00,NA,6.01,NA,94,44.0333333333333,69,1010.73366666667,NA,36185.6,0,1894.93333333333,62.767,100.064,116.234,41.088,65.9473333333333,78.5236666666667,174.033333333333,156.4,10202.0576666667,3115.781,726.676333333333,71.686,12.4443333333333,5.05033333333333,67.5803333333333,94.1813333333333,104.895,44.3206666666667,62.063,74.3676666666667,170.966666666667,154.366666666667,11396.5883333333,3283.71833333333,564.424333333333,49.2496666666667,7.37066666666667,3.486,NA,1635006560.46667,2021,10,23,22,0,17,"Tanima","monsoon","indoor",1.06246106801065
"66",2021-10-24 00:00:00,NA,6.01,NA,94,44.1,69,1010.60766666667,NA,36172.2666666667,0,2171.4,60.6543333333333,96.9126666666667,113.494666666667,39.7146666666667,63.916,77.539,172.433333333333,155.233333333333,9841.11566666667,3007.90966666667,709.182666666667,71.8083333333333,12.9123333333333,5.04266666666667,65.4436666666667,91.266,101.368333333333,42.8866666666667,60.0943333333333,73.059,169.533333333333,153.366666666667,11054.671,3183.16066666667,548.572,46.799,6.82666666666667,3.34166666666667,NA,1635010161.83333,2021,10,23,23,0,17,"Tanima","monsoon","indoor",1.06187043002506
"67",2021-10-24 01:00:00,NA,6.01,NA,94,45,69,1010.173,0.01,36165.8666666667,0,2339.43333333333,60.4093333333333,95.9563333333333,111.678666666667,39.51,63.233,76.7803333333333,171.766666666667,155.033333333333,9801.20366666667,2994.09366666667,700.394333333333,68.4233333333333,12.0163333333333,5.01166666666667,64.685,89.74,100.094,42.391,59.1103333333333,72.601,168.666666666667,152.933333333333,10937.469,3145.77133333333,536.072,46.905,6.714,3.27133333333333,NA,1635013762.93333,2021,10,24,0,0,17,"Tanima","monsoon","indoor",1.06927048510512
"68",2021-10-24 02:00:00,NA,6.01,NA,94,45,69,1009.96666666667,NA,36166.6666666667,0,2099.23333333333,55.799,89.1793333333333,103.291666666667,36.4933333333333,58.6973333333333,73.716,168.366666666667,152.633333333333,9092.858,2776.86066666667,650.348333333333,64.012,10.692,4.13533333333333,60.0223333333333,83.5123333333333,92.6603333333333,39.25,55.0186666666667,69.67,165.5,148.966666666667,10158.7573333333,2921.18166666667,504.943666666667,41.924,6.20766666666667,2.84366666666667,NA,1635017365.3,2021,10,24,1,0,17,"Tanima","monsoon","indoor",1.06785824049941
"69",2021-10-24 03:00:00,NA,6.01,NA,93.8333333333333,45,68.8666666666667,1009.62633333333,NA,36162.4,0,2499.86666666667,56.1586666666667,90.244,105.168333333333,36.6763333333333,59.4036666666667,74.3853333333333,168.966666666667,152.9,9130.27133333333,2794.264,662.393333333333,66.309,11.3756666666667,4.61866666666667,60.036,83.2853333333333,91.6703333333333,39.2903333333333,54.8696666666667,69.2943333333333,165.233333333333,148.566666666667,10122.4036666667,2915.71033333333,498.070666666667,40.0856666666667,5.01366666666667,2.29966666666667,NA,1635020967.93333,2021,10,24,2,0,17,"Tanima","monsoon","indoor",1.08355212602459
"70",2021-10-24 04:00:00,NA,6.01,NA,93.5,44.6333333333333,68.5,1009.619,NA,36185.8666666667,0,1606.86666666667,59.7836666666667,96.768,112.673,39.083,63.742,77.2143333333333,172.2,155.266666666667,9688.24266666667,2969.007,718.340333333333,70.751,12.0066666666667,4.66733333333333,64.289,90.839,101.065,42.097,59.8133333333333,72.8866666666667,169.333333333333,153.166666666667,10795.7156666667,3123.90566666667,558.209,48.246,7.10466666666667,3.239,NA,1635024568.8,2021,10,24,3,0,17,"Tanima","monsoon","indoor",1.06526932264776
"71",2021-10-24 05:00:00,NA,6.01,NA,92.6333333333333,45,67.7,1009.322,NA,36182.6666666667,0,2539.53333333333,64.5446666666667,105.231333333333,123.660333333333,42.3016666666667,69.404,82.1943333333333,176.666666666667,158.066666666667,10431.411,3202.774,793.390333333333,79.916,14.395,5.415,69.3933333333333,99.239,112.136666666667,45.539,65.4243333333333,76.9356666666667,173.633333333333,156.066666666667,11596.6773333333,3366.56133333333,621.323666666667,58.336,9.44433333333333,4.21433333333333,NA,1635028170.16667,2021,10,24,4,0,17,"Tanima","monsoon","indoor",1.06038284679746
"72",2021-10-24 06:00:00,NA,6.01,NA,93,45.5,68.7333333333333,1010.01966666667,NA,36157.0666666667,0,2939.7,61.9466666666667,101.209,119.713666666667,40.555,66.7513333333333,80.2236666666667,174.5,156.766666666667,10052.0516666667,3082.767,760.982,79.1586666666667,14.4333333333333,5.55033333333333,66.4693333333333,94.5086666666667,106.014,43.5836666666667,62.288,74.8006666666667,171.166666666667,154.466666666667,11141.4426666667,3225.57533333333,593.333,51.8966666666667,7.76333333333333,3.552,NA,1635031772.36667,2021,10,24,5,0,17,"Tanima","monsoon","indoor",1.07089649626489
"73",2021-10-24 07:00:00,NA,6.01,NA,92.8333333333333,46,68.7,1010.351,0.01,36142.4,0,2219.03333333333,61.926,101.223,118.974333333333,40.5096666666667,66.7183333333333,79.816,174.7,156.9,10076.638,3087.156,757.128,78.6623333333333,13.623,5.65566666666667,66.1846666666667,93.5656666666667,104.425,43.369,61.6383333333333,74.1446666666667,170.633333333333,154.166666666667,11153.5183333333,3212.37933333333,579.304666666667,49.3923333333333,7.55133333333333,3.53266666666667,NA,1635035373.23333,2021,10,24,6,0,17,"Tanima","monsoon","indoor",1.08183913615037
"74",2021-10-24 08:00:00,NA,6.01,NA,92.9,45.4666666666667,68.7333333333333,1011.377,NA,36165.6,0,2139.03333333333,64.2983333333333,103.11,120.115666666667,42.113,67.99,80.308,175.666666666667,157.433333333333,10443.058,3192.072,753.683333333333,75.5343333333333,12.8816666666667,5.2,68.647,96.089,106.728333333333,45.029,63.313,74.999,171.933333333333,155,11604.5426666667,3331.02,583.262,49.2433333333333,7.24766666666667,3.291,NA,1635038973.8,2021,10,24,7,1,17,"Tanima","monsoon","indoor",1.07306767684126
"75",2021-10-24 09:00:00,NA,6.01,NA,93,46.4333333333333,69.2333333333333,1012.21333333333,NA,36215.4666666667,0,1490.96666666667,65.379,105.017333333333,122.561,42.85,69.273,81.7096666666667,176.533333333333,158.133333333333,10597.433,3239.61133333333,768.804333333333,77.886,13.6073333333333,5.28233333333333,69.9376666666667,98.1143333333333,109.088,45.9013333333333,64.6683333333333,75.873,172.966666666667,155.766666666667,11764.6606666667,3392.16933333333,599.707666666667,49.8936666666667,7.57766666666667,3.563,NA,1635042575,2021,10,24,8,1,17,"Tanima","monsoon","indoor",1.07035669270205
"76",2021-10-24 10:00:00,NA,6.01,NA,93.5333333333333,44.2333333333333,68.6333333333333,1012.11366666667,NA,36159.2,0,3019.6,65.806,105.283333333333,123.113666666667,43.085,69.424,82.982,176.8,158.166666666667,10714.954,3270.811,768.336666666667,77.774,14.096,5.39733333333333,70.881,98.8576666666667,110.649333333333,46.5363333333333,65.1543333333333,77.3703333333333,173.466666666667,156,11949.9283333333,3441.12166666667,597.688,51.9146666666667,8.511,4.11066666666667,NA,1635046175.66667,2021,10,24,9,1,17,"Tanima","monsoon","indoor",1.06499917389647
"77",2021-10-24 11:00:00,NA,6.01,NA,94,43.6,68.4333333333333,1011.847,0.01,36202.1333333333,0,1979.7,57.838,93.6083333333333,109.896666666667,37.8543333333333,61.69,76.3086666666667,170.666666666667,154.166666666667,9366.89766666667,2873.37366666667,696.373333333333,70.229,12.9686666666667,4.819,62.4773333333333,88.052,98.0013333333333,40.899,57.9613333333333,71.768,167.7,152.033333333333,10514.4513333333,3036.647,541.734333333333,46.2123333333333,6.50766666666667,3.12566666666667,NA,1635049777.7,2021,10,24,10,1,17,"Tanima","monsoon","indoor",1.06310286345947
"78",2021-10-24 12:00:00,NA,6.01,NA,94.8666666666667,42.8666666666667,68.7333333333333,1011.222,NA,36166.6666666667,0,2218.86666666667,57.5753333333333,94.4403333333333,110.559,37.6176666666667,62.209,76.393,171.133333333333,154.566666666667,9368.94833333333,2871.26566666667,710.809,71.378,12.256,5.03166666666667,62.7743333333333,88.7876666666667,98.3766666666667,41.1143333333333,58.45,71.923,168.1,152.466666666667,10513.8926666667,3042.35033333333,547.523333333333,46.319,6.11766666666667,3.039,NA,1635053378.86667,2021,10,24,11,1,17,"Tanima","monsoon","indoor",1.06366499851706
"79",2021-10-24 13:00:00,NA,6.01,NA,94.1333333333333,42.4333333333333,67.6666666666667,1010.21333333333,NA,36153.8666666667,0,2067.43333333333,61.7353333333333,101.387,120.194333333333,40.4056666666667,66.844,80.458,174.7,156.9,10038.995,3078.50466666667,769.169,79.518,14.769,5.76966666666667,66.8623333333333,95.1546666666667,106.031666666667,43.8266666666667,62.6836666666667,74.7543333333333,171.533333333333,154.7,11191.551,3244.45766666667,593.350333333333,51.2123333333333,7.427,3.45866666666667,NA,1635056979.93333,2021,10,24,12,1,17,"Tanima","monsoon","indoor",1.06549687526273
"80",2021-10-24 14:00:00,NA,6.01,NA,94.3333333333333,40.6333333333333,66.5333333333333,1009.388,NA,36164.5333333333,0,2531.93333333333,59.2146666666667,96.5716666666667,113.518333333333,38.7466666666667,63.657,77.542,172.233333333333,155.166666666667,9648.18566666667,2952.636,721.393666666667,74.112,12.978,4.99166666666667,64.1753333333333,91.037,101.675666666667,42.0446666666667,59.9406666666667,73.1636666666667,169.333333333333,153.266666666667,10791.168,3121.315,565.857666666667,48.6593333333333,7.38133333333333,3.474,NA,1635060581.83333,2021,10,24,13,1,17,"Tanima","monsoon","indoor",1.06079579365167
"81",2021-10-24 15:00:00,NA,6.01,NA,94,41.8333333333333,67.1666666666667,1008.94133333333,NA,36191.2,0,1779.06666666667,62.9016666666667,101.976,119.435333333333,41.197,67.2526666666667,80.079,174.966666666667,157.066666666667,10206.238,3124.82333333333,754.484666666667,76.828,13.3893333333333,5.23633333333333,67.675,95.2876666666667,106.374333333333,44.393,62.8263333333333,74.882,171.566666666667,154.766666666667,11366.2146666667,3283.89866666667,582.402333333333,51.1346666666667,7.76633333333333,3.90866666666667,NA,1635064182.7,2021,10,24,14,1,17,"Tanima","monsoon","indoor",1.0701909656024
"82",2021-10-24 16:00:00,NA,6.01,NA,94,42.9666666666667,67.9666666666667,1008.68333333333,NA,36153.8666666667,0,2299.76666666667,62.512,101.032,118.365666666667,40.9053333333333,66.577,79.462,174.566666666667,156.766666666667,10170.821,3110.57733333333,748.674666666667,75.72,13.767,5.19433333333333,67.5306666666667,94.7996666666667,104.945333333333,44.281,62.4556666666667,74.343,171.3,154.7,11358.812,3281.05566666667,574.128666666667,48.8726666666667,6.79133333333333,3.19,NA,1635067785.53333,2021,10,24,15,1,17,"Tanima","monsoon","indoor",1.06574214395972
"83",2021-10-24 17:00:00,NA,6.01,NA,93.8333333333333,42.1666666666667,67.2333333333333,1008.48666666667,NA,36114.6666666667,0,2699.33333333333,63.0556666666667,102.378,120.656,41.2853333333333,67.5153333333333,81.172,175.233333333333,157.166666666667,10280.7683333333,3145.51766666667,762.729333333333,78.6203333333333,14.238,5.46733333333333,68.484,96.8303333333333,109.074,44.9226666666667,63.795,76.1503333333333,172.4,155.266666666667,11542.6516666667,3331.703,595.365,54.9326666666667,8.86233333333333,4.06366666666667,NA,1635071386.9,2021,10,24,16,1,17,"Tanima","monsoon","indoor",1.05729265278442
"84",2021-10-24 18:00:00,NA,6.01,NA,93.9,40.8333333333333,66.3666666666667,1008.64566666667,NA,36184.8,0,2258.53333333333,62.6053333333333,101.996666666667,120.730333333333,40.9763333333333,67.2563333333333,80.805,175.033333333333,156.966666666667,10185.982,3118.831,759.070666666667,80.638,14.7536666666667,5.90966666666667,67.1186666666667,95.864,108.725333333333,43.9986666666667,63.1646666666667,75.741,171.833333333333,154.966666666667,11354.2786666667,3276.507,594.418666666667,57.7546666666667,9.49833333333333,4.48866666666667,NA,1635074988.4,2021,10,24,17,1,17,"Tanima","monsoon","indoor",1.06397257225514
"85",2021-10-24 19:00:00,NA,6.01,NA,94,42.1,67.1333333333333,1009.25066666667,0.01,36136,0,2458.06666666667,66.6213333333333,105.255,122.275,43.645,69.4183333333333,81.3553333333333,176.666666666667,158.233333333333,10795.6253333333,3297.471,761.403,74.8973333333333,12.6243333333333,5.23933333333333,71.1983333333333,99.3686666666667,110.673333333333,46.729,65.521,76.4016666666667,173.633333333333,156.133333333333,12037.0623333333,3466.85133333333,592.585333333333,52.456,8.02233333333333,3.67666666666667,NA,1635078589.06667,2021,10,24,18,1,17,"Tanima","monsoon","indoor",1.05923731826934
"86",2021-10-24 20:00:00,NA,6.01,NA,93.8333333333333,44.6666666666667,68.8,1009.66133333333,NA,36181.3333333333,0,1434.46666666667,76.083,119.304666666667,138.869666666667,49.9733333333333,78.7836666666667,91.839,183.966666666667,163,12293.1586666667,3752.256,853.144,84.894,15.0673333333333,6.10166666666667,80.7476666666667,112.522333333333,126.022666666667,53.0666666666667,74.2503333333333,83.686,180.533333333333,160.7,13643.9836666667,3928.39166666667,669.05,61.1413333333333,10.326,4.75,NA,1635082190.66667,2021,10,24,19,1,17,"Tanima","monsoon","indoor",1.06027544161604
"87",2021-10-24 21:00:00,NA,6.01,NA,93.6,44.5666666666667,68.5666666666667,1010.068,NA,36158.1333333333,0,1571.4,114.818666666667,187.940333333333,224.538333333333,75.7983333333333,124.558666666667,148.937333333333,238.4,195.2,18532.929,5686.39166666667,1406.50266666667,154.900333333333,28.3793333333333,10.951,119.923,172.802666666667,195.724333333333,79.1993333333333,114.448333333333,129.731666666667,227.566666666667,187.566666666667,19794.053,5779.05933333333,1097.592,98.3936666666667,20.795,9.99466666666667,NA,1635085791.4,2021,10,24,20,0,17,"Tanima","monsoon","indoor",1.0876008857888
"88",2021-10-24 22:00:00,NA,6.01,NA,93.7666666666667,45.3333333333333,69.4,1010.42366666667,NA,36151.7333333333,0,1967.23333333333,87.711,138.938333333333,162.294333333333,57.7276666666667,91.884,107.427,194.1,169.766666666667,14155.6883333333,4324.652,997.744,102.614,18.153,7.38266666666667,93.2673333333333,130.476333333333,145.873666666667,61.4516666666667,86.2556666666667,96.517,189.666666666667,166.9,15628.491,4514.13,782.246,69.0043333333333,12.5193333333333,5.95466666666667,NA,1635089393.33333,2021,10,24,21,0,17,"Tanima","monsoon","indoor",1.06485467351678
"89",2021-10-24 23:00:00,NA,6.01,NA,93.4,45.0333333333333,69.3,1009.791,NA,36200.5333333333,0,1202.76666666667,83.842,131.936,153.399,55.147,87.1906666666667,101.512333333333,190.5,167.3,13563.389,4137.624,943.932,94.9596666666667,16.206,6.32133333333333,89.1166666666667,124.153,137.701,58.653,82.028,91.0626666666667,186.433333333333,164.566666666667,14983.7343333333,4318.77466666667,734.572666666667,63.3933333333333,10.569,5.20033333333333,NA,1635092994.43333,2021,10,24,22,0,17,"Tanima","monsoon","indoor",1.06268877916764
"90",2021-10-25 00:00:00,NA,6.01,NA,93.9666666666667,45,69.2,1010.25333333333,0.01,36168,0,2819.76666666667,75.9633333333333,119.429666666667,138.333,49.8763333333333,78.8393333333333,91.4573333333333,183.933333333333,163.066666666667,12275.423,3748.21466666667,853.807666666667,82.2716666666667,14.592,6.19,81.187,112.787333333333,125.783666666667,53.3913333333333,74.444,83.2916666666667,180.7,160.833333333333,13670.3666666667,3940.22666666667,666.431333333333,59.453,9.54733333333333,4.35066666666667,NA,1635096596,2021,10,24,23,0,17,"Tanima","monsoon","indoor",1.05889254703543
"91",2021-10-25 01:00:00,NA,6.01,NA,93.7666666666667,45,68.8333333333333,1009.77233333333,NA,36250.6666666667,0,1350.06666666667,76.129,119.374333333333,138.793,50.0096666666667,78.8236666666667,91.773,184,163.1,12313.4283333333,3753.305,849.114,85.0283333333333,15.5616666666667,6.12766666666667,81.14,112.659,125.471666666667,53.3503333333333,74.3723333333333,83.1173333333333,180.566666666667,160.766666666667,13712.2346666667,3942.52633333333,664.842,59.0486666666667,9.16966666666667,4.303,NA,1635100196.86667,2021,10,25,0,0,17,"Tanima","monsoon","indoor",1.05960760643475
"92",2021-10-25 02:00:00,NA,6.01,NA,93.9333333333333,45,68.9333333333333,1009.47566666667,NA,36178.4,0,1378.7,82.792,130.436,151.577666666667,54.4353333333333,86.177,100.283,189.766666666667,166.8,13397.2936666667,4087.81633333333,928.752666666667,94.189,15.855,6.61633333333333,87.745,122.130666666667,136.588333333333,57.7466666666667,80.6773333333333,90.31,185.5,164,14772.2016666667,4255.251,723.165666666667,66.0043333333333,10.8593333333333,5.01533333333333,NA,1635103797.5,2021,10,25,1,0,17,"Tanima","monsoon","indoor",1.06800366820236
"93",2021-10-25 03:00:00,NA,6.01,NA,94,44.8,69,1009.179,NA,36208,0,1238.93333333333,77.3706666666667,121.801,142.442666666667,50.8283333333333,80.4173333333333,94.1966666666667,185.266666666667,163.9,12546.4996666667,3827.11266666667,874.293333333333,87.266,16.1103333333333,6.65766666666667,82.4093333333333,114.889,128.027666666667,54.198,75.84,84.7183333333333,181.733333333333,161.5,13902.289,4004.055,682.847,59.835,10.342,4.631,NA,1635107399,2021,10,25,2,0,17,"Tanima","monsoon","indoor",1.06016241763789
"94",2021-10-25 04:00:00,NA,6.01,NA,94,45.5666666666667,69.6666666666667,1009.01133333333,NA,36184.8,0,1618.7,72.154,115.427666666667,135.000333333333,47.3363333333333,76.1923333333333,89.2603333333333,181.9,161.7,11688.1166666667,3572.466,844.629666666667,85.3573333333333,15.0193333333333,6.152,77.183,107.980666666667,120.096666666667,50.7016666666667,71.2256666666667,80.127,178.2,159.133333333333,13000.359,3740.05833333333,651.485,55.6583333333333,8.91466666666667,4.281,NA,1635110998.83333,2021,10,25,3,0,17,"Tanima","monsoon","indoor",1.06896604947799
"95",2021-10-25 05:00:00,NA,6.01,NA,94,46.7,70,1009.00066666667,NA,36204.8,0,2263.76666666667,73.9926666666667,117.965333333333,137.502,48.5896666666667,77.8916666666667,90.942,183.3,162.6,11965.675,3658.64766666667,854.830666666667,86.981,15.239,5.857,78.869,110.044666666667,122.347666666667,51.841,72.622,81.2643333333333,179.133333333333,159.833333333333,13246.228,3815.63333333333,661.908333333333,57.0736666666667,8.81966666666667,4.114,NA,1635114601,2021,10,25,4,0,17,"Tanima","monsoon","indoor",1.07197683364936
"96",2021-10-25 06:00:00,NA,6.01,NA,93.8333333333333,46.4333333333333,69.8666666666667,1008.985,0.01,36142.4,0,2219.76666666667,73.743,117.000333333333,136.297333333333,48.422,77.2553333333333,90.1263333333333,182.8,162.266666666667,11940.526,3647.08733333333,850.796666666667,83.8976666666667,14.662,5.792,78.5923333333333,109.472333333333,121.647666666667,51.6506666666667,72.2436666666667,80.8996666666667,178.933333333333,159.7,13220.298,3809.38566666667,655.159,55.955,8.80233333333333,4.10766666666667,NA,1635118202.06667,2021,10,25,5,0,17,"Tanima","monsoon","indoor",1.06876623317307
"97",2021-10-25 07:00:00,NA,6.01,NA,93.8,45.9666666666667,69.8,1009.55433333333,NA,36169.8666666667,0,2139.6,71.5006666666667,113.496666666667,132.644,46.9226666666667,74.89,87.6783333333333,180.933333333333,160.933333333333,11584.6786666667,3539.24666666667,820.479666666667,82.65,15.061,6.159,76.5963333333333,106.653666666667,118.994,50.303,70.35,79.555,177.5,158.633333333333,12897.492,3710.26133333333,639.321,55.765,8.87,4.19966666666667,NA,1635121804.7,2021,10,25,6,0,17,"Tanima","monsoon","indoor",1.06416094461512
"98",2021-10-25 08:00:00,NA,6.01,NA,94,44.8666666666667,69.1666666666667,1010.447,NA,36188,0,2539.8,66.874,107.705,125.944666666667,43.844,71.0506666666667,83.577,178.033333333333,159.1,10835.7576666667,3315.51533333333,791.044,80.8083333333333,14.0853333333333,5.644,71.644,100.66,112.091666666667,47.0253333333333,66.3613333333333,76.943,174.3,156.6,12044.1156666667,3476.33866666667,610.592,53.6263333333333,8.42266666666667,3.74566666666667,NA,1635125406.23333,2021,10,25,7,1,17,"Tanima","monsoon","indoor",1.06998807868071
"99",2021-10-25 09:00:00,NA,6.01,NA,93.4,44.4333333333333,68.4333333333333,1010.84566666667,NA,36205.8666666667,0,1103,67.3696666666667,108.973,128.071333333333,44.151,71.891,85.003,178.633333333333,159.433333333333,10907.6983333333,3343.976,809.537666666667,83.0833333333333,14.8156666666667,5.897,72.434,102.403333333333,114.412,47.522,67.5166666666667,77.8856666666667,175.266666666667,157.2,12147.842,3514.25533333333,628.446666666667,55.7813333333333,8.39433333333333,4.09566666666667,NA,1635129007.96667,2021,10,25,8,1,17,"Tanima","monsoon","indoor",1.06415481266886
"100",2021-10-25 10:00:00,NA,6.01,NA,93.7333333333333,43.4666666666667,68.0333333333333,1010.95466666667,0.01,36168,0,2938.53333333333,85.0566666666667,146.824666666667,181.277333333333,55.936,97.0873333333333,120.090666666667,204.733333333333,172.466666666667,13909.2876666667,4283.65133333333,1170.26933333333,139.924,27.5383333333333,11.111,92.1496666666667,138.69,164.452,60.6876666666667,91.713,109.277,198.833333333333,169.666666666667,15341.9953333333,4488.74233333333,935.229,102.935,24.3113333333333,11.45,NA,1635132608.83333,2021,10,25,9,1,17,"Tanima","monsoon","indoor",1.05865359194367
"101",2021-10-25 11:00:00,NA,6.01,NA,94.1,45.6,69.7333333333333,1010.80066666667,NA,36154.9333333333,0,1900,109.623333333333,199.223333333333,255.058333333333,72.348,132.056,169.313,249.166666666667,190.566666666667,18056.7553333333,5582.562,1649.04733333333,221.992,45.3086666666667,18.2373333333333,118.322,187.847333333333,235.414666666667,78.146,124.501666666667,156.204666666667,238,186.633333333333,19665.7996666667,5794.47166666667,1346.19966666667,173.389333333333,49.8026666666667,24.6153333333333,NA,1635136210.46667,2021,10,25,10,1,17,"Tanima","monsoon","indoor",1.06055981630473
"102",2021-10-25 12:00:00,NA,6.01,NA,93.7666666666667,45.7,69.5,1009.714,NA,36151.7333333333,0,2299.66666666667,89.595,157.562333333333,195.943666666667,59.0096666666667,104.311333333333,129.891333333333,208.166666666667,176.1,14710.101,4533.61366666667,1262.33533333333,158.610333333333,30.2223333333333,12.041,97.317,146.790333333333,178.890666666667,64.1146666666667,97.1043333333333,118.491333333333,198.7,172.5,16176.2323333333,4737.79933333333,1002.248,115.500666666667,31.8186666666667,15.5463333333333,NA,1635139812.23333,2021,10,25,11,1,17,"Tanima","monsoon","indoor",1.07338357884602
"103",2021-10-25 13:00:00,NA,6.01,NA,93.8,44.3,68.5333333333333,1008.79566666667,NA,36174.1333333333,0,1819.1,85.977,143.852666666667,173.412,56.5633333333333,95.1683333333333,114.856333333333,197.233333333333,171.433333333333,13983.0276666667,4293.311,1103.17833333333,125.939,22.812,9.048,93.1493333333333,134.151666666667,152.122,61.344,88.672,100.645666666667,191.566666666667,168.066666666667,15459.4236666667,4492.178,853.609666666667,76.5923333333333,15.2543333333333,7.56,NA,1635143413.76667,2021,10,25,12,1,17,"Tanima","monsoon","indoor",1.07231367482079
"104",2021-10-25 14:00:00,NA,6.01,NA,93.9,44.4666666666667,68.8,1007.76633333333,NA,36192.2666666667,0,2659.86666666667,83.6133333333333,137.322333333333,163.144666666667,54.9993333333333,90.8043333333333,108.028333333333,193.333333333333,169.233333333333,13576.8863333333,4158.012,1035.54766666667,111.013,20.2176666666667,8.09,90.7523333333333,128.076,142.735666666667,59.7473333333333,84.637,94.406,188.433333333333,165.966666666667,15061.1696666667,4372.55233333333,790.885666666667,65.4073333333333,11.4086666666667,5.48633333333333,NA,1635147014.76667,2021,10,25,13,1,17,"Tanima","monsoon","indoor",1.07219411391153
"105",2021-10-25 15:00:00,NA,6.01,NA,93.8666666666667,46,69.8333333333333,1006.974,0.01,36191.4666666667,0,3060.06666666667,80.8653333333333,134.299666666667,159.582666666667,53.1526666666667,88.7893333333333,105.633666666667,191.666666666667,168.2,13127.108,4027.00466666667,1028.07533333333,110.499,19.6243333333333,7.37033333333333,87.3456666666667,124.349333333333,138.565666666667,57.4793333333333,82.145,91.633,186.533333333333,164.733333333333,14505.088,4208.84666666667,778.868,65.0103333333333,11.061,5.02266666666667,NA,1635150616.6,2021,10,25,14,1,17,"Tanima","monsoon","indoor",1.08001919324055
"106",2021-10-25 16:00:00,NA,6.01,NA,93.6666666666667,44.4666666666667,68.9666666666667,1006.56966666667,NA,36218.6666666667,0,1102.83333333333,77.5756666666667,128.761666666667,153.666333333333,50.9866666666667,85.103,101.686,188.766666666667,166.266666666667,12599.3553333333,3865.689,983.512333333333,107.593333333333,19.1076666666667,7.32766666666667,83.7553333333333,119.339,132.897666666667,55.0873333333333,78.8216666666667,87.889,183.933333333333,163.066666666667,13926.5823333333,4041.52366666667,746.734333333333,61.902,10.6503333333333,4.84166666666667,NA,1635154217.53333,2021,10,25,15,1,17,"Tanima","monsoon","indoor",1.07895714449314
"107",2021-10-25 17:00:00,NA,6.01,NA,93.8333333333333,44.9333333333333,68.9333333333333,1006.52933333333,0.01,36168,0,2940,79.124,130.165333333333,155.289,52.0133333333333,86.0196666666667,102.794666666667,189.466666666667,166.766666666667,12850.3046666667,3938.34366666667,984.435333333333,106.279,19.9896666666667,7.616,85.6313333333333,121.941666666667,137.796666666667,56.3483333333333,80.5223333333333,91.1286666666667,185.3,164,14282.619,4145.189,759.754666666667,68.15,13.0036666666667,6.12366666666667,NA,1635157820.43333,2021,10,25,16,1,17,"Tanima","monsoon","indoor",1.0674393494157
"108",2021-10-25 18:00:00,NA,6.01,NA,93.8,45.1333333333333,68.9666666666667,1006.677,NA,36149.6,0,1898.13333333333,86.5026666666667,144.462,174.753666666667,56.94,95.578,115.756666666667,197.033333333333,171.7,14055.8183333333,4315.96766666667,1107.09833333333,128.133666666667,23.4043333333333,9.561,92.8763333333333,134.684333333333,155.283666666667,61.1786666666667,89.041,102.792,191.966666666667,168.366666666667,15483.3913333333,4499.95066666667,862.222333333333,83.7553333333333,18.5526666666667,8.984,NA,1635161420.9,2021,10,25,17,1,17,"Tanima","monsoon","indoor",1.07259691179128
"109",2021-10-25 19:00:00,NA,6.01,NA,94,47.8,70.9,1007.45833333333,NA,36161.3333333333,0,2298.86666666667,76.1763333333333,126.815333333333,151.446333333333,50.0346666666667,83.794,100.344666666667,187.933333333333,165.633333333333,12389.752,3802.96833333333,966.257,107.455666666667,18.8343333333333,7.57066666666667,82.3366666666667,118.182,134.863,54.1373333333333,78.0483333333333,90.041,183.433333333333,162.533333333333,13755.4693333333,3994.78533333333,744.023,70.7463333333333,13.849,6.84233333333333,NA,1635165021.53333,2021,10,25,18,1,17,"Tanima","monsoon","indoor",1.07305116966486
"110",2021-10-25 20:00:00,NA,6.01,NA,93.7,47.1,70.7,1007.31133333333,NA,36162.4,0,2699.4,64.6176666666667,105.460666666667,123.902333333333,42.283,69.5446666666667,82.306,176.833333333333,158.233333333333,10541.7436666667,3227.33866666667,785.62,81.0363333333333,14.1986666666667,5.572,70.551,98.6303333333333,110.358,46.286,64.986,76.262,173.266666666667,155.866666666667,11817.5583333333,3412.96733333333,600.810666666667,52.4316666666667,8.73666666666667,4.21266666666667,NA,1635168623,2021,10,25,19,1,17,"Tanima","monsoon","indoor",1.06925185287826
"111",2021-10-25 21:00:00,NA,6.01,NA,94,47.2,71,1008.38466666667,NA,36195.4666666667,0,2044.2,76.343,124.171666666667,147.748333333333,50.1106666666667,82.0093333333333,97.7343333333333,186.5,164.766666666667,12433.636,3802.171,925.535,100.006333333333,18.2223333333333,7.466,82.659,116.657,133.123333333333,54.3366666666667,77.0033333333333,88.345,182.533333333333,162.166666666667,13891.1086666667,4012.07966666667,717.078333333333,68.1456666666667,13.4493333333333,6.358,NA,1635172225.33333,2021,10,25,20,0,17,"Tanima","monsoon","indoor",1.06441676596061
"112",2021-10-25 22:00:00,NA,6.01,NA,94,48,71,1008.695,NA,36193.3333333333,0,1618.2,88.357,144.342,172.779,58.1593333333333,95.4956666666667,114.451666666667,197.266666666667,171.633333333333,14385.0876666667,4402.00433333333,1074.733,121.618,21.4656666666667,8.60666666666667,95.1466666666667,135.489666666667,156.011333333333,62.646,89.562,103.249666666667,192.433333333333,168.666666666667,15937.7503333333,4614.88833333333,840.549,82.2873333333333,18.5936666666667,8.863,NA,1635175825,2021,10,25,21,0,17,"Tanima","monsoon","indoor",1.06533585587092
"113",2021-10-25 23:00:00,NA,6.01,NA,94,48.4333333333333,71.2666666666667,1008.697,NA,36168.8,0,2379.53333333333,100.545666666667,166.920333333333,202.877333333333,66.2526666666667,110.52,134.486666666667,217.233333333333,179.433333333333,16431.3796666667,5027.24066666667,1259.87,149.893,27.993,11.1866666666667,107.111333333333,155.268666666667,183.231,70.6593333333333,102.759,121.391333333333,205.7,175.533333333333,17929.079,5201.61033333333,986.685666666667,105.705666666667,27.7306666666667,13.771,NA,1635179427,2021,10,25,22,0,17,"Tanima","monsoon","indoor",1.07504197026229
"114",2021-10-26 00:00:00,NA,6.01,NA,93.8333333333333,47.6,70.8666666666667,1008.377,NA,36138.1333333333,0,2780.66666666667,99.306,165.419,201.844333333333,65.4673333333333,109.553,133.849,215.733333333333,178.933333333333,16190.2766666667,4961.223,1263.22966666667,149.284333333333,28.7076666666667,11.5186666666667,105.246333333333,153.804333333333,180.495,69.4036666666667,101.783333333333,119.587,204.866666666667,174.933333333333,17611.8493333333,5114.93933333333,985.967333333333,104.264,26.2106666666667,12.7953333333333,NA,1635183029.36667,2021,10,25,23,0,17,"Tanima","monsoon","indoor",1.07551586106157
"115",2021-10-26 01:00:00,NA,6.01,NA,93.9,47,70.6,1008.14633333333,0.01,36132,0,2701.03333333333,93.8093333333333,154.103666666667,185.84,61.8123333333333,102.034,123.17,204.5,175,15263.9453333333,4669.59933333333,1154.93266666667,132.804,24.6493333333333,9.82566666666667,99.6356666666667,142.512333333333,165.076,65.663,94.2643333333333,109.295333333333,195.933333333333,171,16676.625,4827.444,893.902666666667,89.1106666666667,20.4773333333333,10.226,NA,1635186632.03333,2021,10,26,0,0,17,"Tanima","monsoon","indoor",1.08133565048172
"116",2021-10-26 02:00:00,NA,6.01,NA,94,46.6,70.0333333333333,1007.90066666667,NA,36180.2666666667,0,1539.33333333333,96.0256666666667,159.123666666667,191.264666666667,63.2696666666667,105.334666666667,126.731,209.6,176.733333333333,15580.4253333333,4780.63933333333,1212.69966666667,135.428,24.9023333333333,9.726,102.654,148.001333333333,168.805333333333,67.7006666666667,97.929,111.792666666667,199.266666666667,172.933333333333,17023.4716666667,4951.64133333333,939.143,87.0393333333333,18.796,8.76566666666667,NA,1635190233.66667,2021,10,26,1,0,17,"Tanima","monsoon","indoor",1.07515022387186
"117",2021-10-26 03:00:00,NA,6.01,NA,93.8333333333333,47,70.8333333333333,1007.39266666667,0.01,36154.1333333333,0,2459.46666666667,95.486,155.927,185.620333333333,62.903,103.223,123.022,206.4,175.666666666667,15427.5173333333,4732.69166666667,1164.13966666667,128.026666666667,22.888,8.962,102.168333333333,145.580333333333,164.235333333333,67.3706666666667,96.2933333333333,108.743,197.566666666667,172,16976.61,4929.47966666667,907.472333333333,81.405,15.973,7.194,NA,1635193835.23333,2021,10,26,2,0,17,"Tanima","monsoon","indoor",1.07107187097159
"118",2021-10-26 04:00:00,NA,6.01,NA,93.6333333333333,47,70.6333333333333,1006.98266666667,NA,36180.2666666667,0,1603.23333333333,92.0953333333333,151.046666666667,180.091666666667,60.6416666666667,99.9636666666667,119.344,201.433333333333,173.933333333333,14916.9136666667,4574.029,1136.871,124.375333333333,22.1246666666667,8.66,98.8923333333333,140.853333333333,159.141666666667,65.168,93.1436666666667,105.358666666667,195.066666666667,170.433333333333,16423.8546666667,4766.656,877.407,79.366,15.2573333333333,7.025,NA,1635197436.7,2021,10,26,3,0,17,"Tanima","monsoon","indoor",1.07236842105264
"119",2021-10-26 05:00:00,NA,6.01,NA,94,47,71,1007.50433333333,NA,36165.6,0,1346.96666666667,90.8263333333333,150.762666666667,180.577333333333,59.8203333333333,99.7513333333333,119.627,201.6,173.833333333333,14738.894,4522.627,1149.65633333333,127.886666666667,23.1403333333333,8.98866666666667,97.7196666666667,140.568666666667,159.639666666667,64.3673333333333,92.9563333333333,105.679333333333,194.933333333333,170.366666666667,16241.8493333333,4724.92566666667,887.939333333333,82.8366666666667,16.336,7.37333333333333,NA,1635201038.03333,2021,10,26,4,0,17,"Tanima","monsoon","indoor",1.07251971752833
"120",2021-10-26 06:00:00,NA,6.01,NA,94,47.9666666666667,71,1007.94466666667,NA,36151.7333333333,0,2900.16666666667,80.9833333333333,132.888,157.375333333333,53.2713333333333,87.8596666666667,104.194666666667,190.866666666667,167.766666666667,13130.8126666667,4026.26833333333,995.702333333333,106.809,19.1603333333333,7.36533333333333,87.1956666666667,123.527666666667,139.208333333333,57.3773333333333,81.5893333333333,92.0466666666667,186.066666666667,164.533333333333,14525.169,4210.74633333333,764.123666666667,68.236,12.863,5.94766666666667,NA,1635204640.43333,2021,10,26,5,0,17,"Tanima","monsoon","indoor",1.07577519745914
"121",2021-10-26 07:00:00,NA,6.01,NA,94,48,71,1008.74066666667,0.01,36145.6,0,2339.83333333333,75.3146666666667,121.813666666667,143.412,49.484,80.466,94.8506666666667,185.2,163.933333333333,12212.3746666667,3737.70666666667,903.889333333333,94.442,16.5373333333333,6.381,81.584,114.526666666667,128.383,53.631,75.5816666666667,84.871,181.466666666667,161.3,13665.5713333333,3950.76133333333,699.573666666667,60.9413333333333,10.7046666666667,4.789,NA,1635208241.83333,2021,10,26,6,0,17,"Tanima","monsoon","indoor",1.06362710285814
"122",2021-10-26 08:00:00,NA,6.01,NA,93.9,48,70.9333333333333,1009.396,NA,36195.2,0,1847.5,79.5776666666667,130.740333333333,155.813333333333,52.295,86.3886666666667,103.118,189.933333333333,166.966666666667,12958.8346666667,3970.17033333333,979.626333333333,107.98,19.3743333333333,7.67366666666667,85.481,121.842333333333,140.103,56.2226666666667,80.4886666666667,92.658,185.3,163.866666666667,14314.518,4146.13433333333,762.029666666667,74.9043333333333,15.5206666666667,7.47333333333333,NA,1635211844.13333,2021,10,26,7,1,17,"Tanima","monsoon","indoor",1.07302880498568
"123",2021-10-26 09:00:00,NA,6.01,NA,93.6666666666667,48.6333333333333,71.0666666666667,1010.00833333333,NA,36186.9333333333,0,1138.46666666667,87.8256666666667,152.948,190.075666666667,57.8116666666667,101.213666666667,125.984666666667,204.1,174.566666666667,14431.958,4442.287,1211.60366666667,152.320333333333,29.325,12.03,94.9673333333333,141.751333333333,171.795333333333,62.5456666666667,93.746,113.766333333333,196.066666666667,170.7,15865.8863333333,4625.31466666667,954.728333333333,109.916,28.6613333333333,14.0983333333333,NA,1635215444.36667,2021,10,26,8,1,17,"Tanima","monsoon","indoor",1.0789880871197
"124",2021-10-26 10:00:00,NA,6.01,NA,93.7333333333333,46.8333333333333,70.1666666666667,1010.21933333333,NA,36206.9333333333,0,1995.33333333333,95.8926666666667,156.985666666667,187.185,63.2,103.931333333333,125.588,222.666666666667,182.033333333333,15509.7846666667,4757.91,1175.48066666667,129.109,23.6776666666667,9.244,101.494333333333,144.114,164.566333333333,66.916,95.3116666666667,112.560666666667,212.366666666667,175.4,16799.3073333333,4888.78566666667,901.522,82.5216666666667,18.7946666666667,9.722,NA,1635219046.56667,2021,10,26,9,1,17,"Tanima","monsoon","indoor",1.08931586568041
"125",2021-10-26 11:00:00,NA,6.01,NA,94.9666666666667,44.9666666666667,70.0333333333333,1010.205,0.01,36180.8,0,2098.06666666667,59.755,98.9596666666667,117.225666666667,39.0933333333333,65.2216666666667,79.2146666666667,173.433333333333,156,9737.35266666667,2986.48733333333,753.146666666667,79.3813333333333,14.023,5.455,65.2126666666667,91.9456666666667,103.142,42.7163333333333,60.5673333333333,73.6783333333333,169.766666666667,153.6,10908.925,3159.14966666667,573.147666666667,48.8973333333333,7.75133333333333,3.83366666666667,NA,1635222645.06667,2021,10,26,10,1,17,"Tanima","monsoon","indoor",1.07628418232507
"126",2021-10-26 12:00:00,NA,6.01,NA,94.6333333333333,45.6333333333333,70.1666666666667,1009.29433333333,NA,36171.7333333333,0,2179.46666666667,65.398,107.758666666667,126.895,42.8386666666667,71.08,84.226,177.966666666667,159.133333333333,10639.054,3261.62066666667,815.008333333333,85.1283333333333,14.5316666666667,5.64166666666667,71.1483333333333,100.162666666667,111.655,46.6916666666667,66.0106666666667,76.7446666666667,174.066666666667,156.4,11885.7863333333,3438.76466666667,621.275,51.95,8.046,3.73933333333333,NA,1635226246.46667,2021,10,26,11,1,17,"Tanima","monsoon","indoor",1.07583663906712
"127",2021-10-26 13:00:00,NA,6.01,NA,94.7,43.5,68.9666666666667,1008.10666666667,NA,36185.8666666667,0,2579.56666666667,57.3183333333333,95.22,112.005666666667,37.4306666666667,62.737,76.9223333333333,171.5,154.7,9342.06433333333,2866.38566666667,730.321,74.6566666666667,12.8846666666667,4.79766666666667,62.3396666666667,88.018,97.779,40.7953333333333,57.9463333333333,71.664,167.833333333333,152.166666666667,10427.5346666667,3017.75266666667,552.653333333333,44.052,6.60233333333333,3.279,NA,1635229847.36667,2021,10,26,12,1,17,"Tanima","monsoon","indoor",1.08182417232839
"128",2021-10-26 14:00:00,NA,6.01,NA,95,41.5333333333333,67.7333333333333,1007.50633333333,NA,36182.6666666667,0,2979.63333333333,54.0843333333333,88.8556666666667,103.882333333333,35.546,58.5003333333333,73.9236666666667,168.2,152.4,8810.51433333333,2701.73933333333,676.421666666667,65.984,11.453,4.21366666666667,59.2423333333333,83.0143333333333,91.2046666666667,38.7513333333333,54.77,69.0356666666667,165.233333333333,148.366666666667,9929.61,2872.03766666667,512.984333333333,38.497,5.192,2.39666666666667,NA,1635233448.33333,2021,10,26,13,1,17,"Tanima","monsoon","indoor",1.07036535859269
"129",2021-10-26 15:00:00,NA,6.01,NA,95,41.0333333333333,67.5666666666667,1006.82766666667,NA,36187.2,0,1110.7,53.4796666666667,87.6093333333333,102.416,35.294,57.6893333333333,73.425,167.6,151.833333333333,8685.56433333333,2666.72133333333,666.174333333333,65.449,11.236,4.45266666666667,58.0983333333333,81.4543333333333,89.5076666666667,38.0043333333333,53.8986666666667,68.3676666666667,164.433333333333,145.966666666667,9714.007,2810.597,503.26,38.5766666666667,4.98166666666667,2.36233333333333,NA,1635237049.66667,2021,10,26,14,1,17,"Tanima","monsoon","indoor",1.07556381285219
"130",2021-10-26 16:00:00,NA,6.01,NA,95,41,67.3,1006.537,NA,36173.0666666667,0,2940.2,55.6896666666667,91.4776666666667,106.734666666667,36.424,60.2423333333333,74.982,169.466666666667,153.466666666667,9065.825,2780.25266666667,691.728,67.4306666666667,11.8696666666667,4.68533333333333,60.5893333333333,84.9793333333333,93.5266666666667,39.611,55.9483333333333,70.0136666666667,166.233333333333,150.2,10151.8796666667,2937.339,522.493666666667,41.1533333333333,5.177,2.418,NA,1635240651.73333,2021,10,26,15,1,17,"Tanima","monsoon","indoor",1.07646957299422
"131",2021-10-26 17:00:00,NA,6.01,NA,94.8,42.0333333333333,68,1006.632,0.01,36178.6666666667,0,2220.26666666667,55.831,92.6183333333333,109.301,36.482,61.001,75.911,170.166666666667,154,9122.45633333333,2794.38133333333,705.545333333333,73.7363333333333,12.661,5.17066666666667,60.7133333333333,85.8126666666667,95.4993333333333,39.7366666666667,56.4636666666667,70.8006666666667,166.7,151.466666666667,10187.174,2945.57966666667,532.325,45.1006666666667,6.583,2.96066666666667,NA,1635244254.03333,2021,10,26,16,1,17,"Tanima","monsoon","indoor",1.07930841600696
"132",2021-10-26 18:00:00,NA,6.01,NA,93.8666666666667,45.1,69.1666666666667,1007.08433333333,NA,36182.6666666667,0,1930.93333333333,61.2536666666667,99.7083333333333,117.16,40.096,65.7226666666667,79.2706666666667,173.8,156.266666666667,9977.06633333333,3052.61666666667,739.369666666667,76.9266666666667,13.216,5.30833333333333,65.9363333333333,92.3663333333333,103.613,43.2156666666667,60.8236666666667,73.8653333333333,170.066666666667,153.766666666667,11152.1003333333,3208.561,562.841,48.976,8.059,3.84633333333333,NA,1635247855.33333,2021,10,26,17,1,17,"Tanima","monsoon","indoor",1.07948783647722
"133",2021-10-26 19:00:00,NA,6.01,NA,94.7,46.2,70.6666666666667,1007.69166666667,NA,36182.6666666667,0,2379.6,68.6513333333333,111.207,130.793333333333,45.0383333333333,73.3923333333333,86.58,179.733333333333,160.2,11151.9123333333,3411.17433333333,826.866666666667,84.576,15.214,5.89666666666667,73.3743333333333,102.887666666667,114.785,48.1593333333333,67.844,78.011,175.566666666667,157.4,12305.458,3551.84,627.066333333333,53.812,8.95033333333333,4.373,NA,1635251457.36667,2021,10,26,18,1,17,"Tanima","monsoon","indoor",1.08085841192498
"134",2021-10-26 20:00:00,NA,6.01,NA,94.4333333333333,45.5,70.0333333333333,1008.443,NA,36165.6,0,2780.23333333333,72.787,117.09,137.62,47.81,77.332,91.0243333333333,182.833333333333,162.3,11803.2776666667,3607.262,859.828666666667,90.5703333333333,15.487,6.035,77.57,109.076,122.883666666667,50.988,71.973,81.745,178.6,159.433333333333,13051.5846666667,3763.163,667.553,58.7206666666667,10.9503333333333,5.05,NA,1635255059.56667,2021,10,26,19,1,17,"Tanima","monsoon","indoor",1.07347170780007
"135",2021-10-26 21:00:00,NA,6.01,NA,93.9655172413793,45,69.0344827586207,1008.90620689655,NA,36175.4482758621,0,1798.68965517241,70.418275862069,112.585172413793,131.410344827586,46.19,74.3058620689655,86.9913793103448,180.48275862069,160.724137931034,11413.8006896552,3486.76965517241,820.381379310345,83.5286206896552,14.5372413793103,5.39275862068965,75.3848275862069,104.746206896552,116.13,49.518275862069,69.0941379310345,78.5910344827586,176.344827586207,157.965517241379,12680.9731034483,3652.75689655172,624.91724137931,52.0158620689655,8.49965517241379,3.72344827586207,NA,1635258600.44828,2021,10,26,20,0,17,"Tanima","monsoon","indoor",1.0748377029536
"136",2021-10-26 22:00:00,NA,6.01,NA,93.6333333333333,45.9666666666667,69.3666666666667,1009.633,0.01,36136,0,2699.56666666667,67.044,106.971333333333,124.644666666667,43.9633333333333,70.5583333333333,82.6616666666667,177.566666666667,158.8,10864.6103333333,3322.31433333333,783.750333333333,78.215,13.277,5.148,71.574,99.191,110.253666666667,46.975,65.362,76.2256666666667,173.566666666667,156.033333333333,12065.5443333333,3473.42033333333,594.086666666667,49.2723333333333,7.652,3.67,NA,1635262141.56667,2021,10,26,21,0,17,"Tanima","monsoon","indoor",1.07843789591125
"137",2021-10-26 23:00:00,NA,6.01,NA,94,45.9,70,1009.65466666667,NA,36145.3333333333,0,1978.8,67.1623333333333,107.038666666667,124.476333333333,44.0423333333333,70.6283333333333,82.705,177.633333333333,158.8,10876.7923333333,3323.329,782.312,77.1493333333333,13.236,5.21933333333333,71.2186666666667,98.5773333333333,109.396333333333,46.759,64.9786666666667,75.9603333333333,173.2,155.9,12006.648,3453.16866666667,588.486,48.1786666666667,7.47666666666667,3.802,NA,1635265743.5,2021,10,26,22,0,17,"Tanima","monsoon","indoor",1.08583447175145
"138",2021-10-27 00:00:00,NA,6.01,NA,93.9,45.3,69.4,1009.35466666667,NA,36161.3333333333,0,2378.96666666667,63.5653333333333,102.067,118.989333333333,41.621,67.31,79.795,175.033333333333,157.1,10320.8103333333,3154.03466666667,749.802,74.7026666666667,13.0286666666667,5.09033333333333,67.687,93.9663333333333,104.196666666667,44.3936666666667,61.9063333333333,74.0926666666667,170.966666666667,154.366666666667,11414.7633333333,3285.129,565.397333333333,46.2303333333333,6.99933333333333,3.35633333333333,NA,1635269344.2,2021,10,26,23,0,17,"Tanima","monsoon","indoor",1.08620818094424
"139",2021-10-27 01:00:00,NA,6.01,NA,93.7333333333333,44.9,68.7333333333333,1009.11633333333,NA,36156,0,1715.03333333333,62.3786666666667,100.495,117.006,40.8186666666667,66.2543333333333,78.8903333333333,174.266666666667,156.566666666667,10140.7076666667,3100.24433333333,737.390666666667,73.274,13.2273333333333,5.098,66.2436666666667,92.4046666666667,103.110666666667,43.421,60.8616666666667,73.6763333333333,170.1,153.766666666667,11166.1596666667,3218.043,558.962666666667,48.0093333333333,7.30666666666667,3.46,NA,1635272944.3,2021,10,27,0,0,17,"Tanima","monsoon","indoor",1.08755329817397
"140",2021-10-27 02:00:00,NA,6.01,NA,94,44.5666666666667,69,1009.23766666667,NA,36142.4,0,2419.96666666667,72.9393333333333,118.680666666667,140.118,47.8926666666667,78.3943333333333,92.7853333333333,183.666666666667,162.8,11809.5286666667,3618.696,886.481,92.591,16.3016666666667,6.35233333333333,77.498,110.672666666667,125.88,50.93,73.0363333333333,84.4156666666667,179.433333333333,160.033333333333,13009.09,3762.75633333333,691.026333333333,65.7126666666667,12.061,5.69833333333333,NA,1635276546.8,2021,10,27,1,0,17,"Tanima","monsoon","indoor",1.07235752278491
"141",2021-10-27 03:00:00,NA,6.01,NA,93.9,45.4,69.5,1009.03733333333,NA,36153.8666666667,0,2820.16666666667,122.866,213.874333333333,266.539333333333,81.193,141.856333333333,176.937666666667,263.833333333333,196.633333333333,19963.8773333333,6163.48633333333,1705.07966666667,213.434666666667,42.6336666666667,17.061,129.019,200.533,247.442666666667,85.2943333333333,132.957333333333,164.241,250.666666666667,191.066666666667,21410.7143333333,6289.04933333333,1391.33766666667,175.473333333333,49.491,23.1196666666667,NA,1635280148.56667,2021,10,27,2,0,17,"Tanima","monsoon","indoor",1.06652936590652
"142",2021-10-27 04:00:00,NA,6.01,NA,93.8666666666667,46,69.8666666666667,1008.92433333333,0.01,36153.3333333333,0,2580.16666666667,165.852333333333,298.459333333333,380.597333333333,109.833,198.219333333333,252.985333333333,348.1,248.3,26872.7256666667,8348.335,2462.21466666667,324.856666666667,68.0866666666667,26.9526666666667,170.791333333333,280.985333333333,362.558333333333,113.121,186.608666666667,240.981,330.933333333333,236.966666666667,28160.5863333333,8380.034,2072.88366666667,295.363666666667,89.8633333333333,42.7723333333333,NA,1635283750.16667,2021,10,27,3,0,17,"Tanima","monsoon","indoor",1.06218829927066
"143",2021-10-27 05:00:00,NA,6.01,NA,94,46,70,1009.05333333333,NA,36185.8666666667,0,1968,87.5846666666667,152.459333333333,187.982666666667,57.6453333333333,100.915,124.587666666667,207.333333333333,174.533333333333,14366.5333333333,4422.75866666667,1204.44233333333,147.689333333333,28.3186666666667,11.537,93.5506666666667,141.812,173.695,61.6156666666667,93.7773333333333,115.052,199.433333333333,170.7,15673.8053333333,4581.147,960.809333333333,118.290333333333,31.1836666666667,14.675,NA,1635287352.7,2021,10,27,4,0,17,"Tanima","monsoon","indoor",1.07508062317246
"144",2021-10-27 06:00:00,NA,6.01,NA,93.6,45.6,69.3333333333333,1009.176,NA,36212.2666666667,0,1370.83333333333,59.5736666666667,99.5026666666667,118.494,38.9923333333333,65.574,80.268,173.666666666667,156.2,9739.163,2986.05866666667,763.773,82.39,14.5853333333333,5.80366666666667,63.929,91.5723333333333,105.386333333333,41.8693333333333,60.3646666666667,74.4586666666667,169.666666666667,152.4,10763.3613333333,3113.30433333333,579.338,57.3683333333333,10.8063333333333,5.28766666666667,NA,1635290952.96667,2021,10,27,5,0,17,"Tanima","monsoon","indoor",1.08660184844768
"145",2021-10-27 07:00:00,NA,6.01,NA,93.3333333333333,45,68.5333333333333,1010.21233333333,NA,36192.2666666667,0,1667.6,51.8046666666667,84.555,99.087,34.532,55.7236666666667,72.1586666666667,165.966666666667,149.933333333333,8439.231,2586.15433333333,636.597333333333,63.888,11.267,4.47966666666667,55.417,77.7723333333333,86.7816666666667,36.2626666666667,52.2203333333333,67.2106666666667,162.6,142.166666666667,9345.32466666667,2696.15766666667,478.624,40.366,6.01433333333333,3.106,NA,1635294554.6,2021,10,27,6,0,17,"Tanima","monsoon","indoor",1.08721181911305
"146",2021-10-27 08:00:00,NA,6.01,NA,93,45,68.2333333333333,1011.15466666667,NA,36184.8,0,2420.2,53.574,86.9143333333333,101.698333333333,35.4043333333333,57.2856666666667,73.1933333333333,167.166666666667,151.066666666667,8715.88166666667,2667.69166666667,646.782666666667,64.7846666666667,11.118,4.48233333333333,56.8803333333333,79.847,89.5153333333333,37.2056666666667,53.2403333333333,68.3136666666667,163.6,144.433333333333,9647.99333333333,2769.22766666667,488.166333333333,43.282,6.54633333333333,3.18233333333333,NA,1635298157.2,2021,10,27,7,1,17,"Tanima","monsoon","indoor",1.08851094384677
"147",2021-10-27 09:00:00,NA,6.01,NA,93.8333333333333,45.6666666666667,69.7,1011.475,NA,36173.0666666667,0,2820.73333333333,55.4526666666667,89.1696666666667,103.907,36.4156666666667,58.7566666666667,73.987,168.333333333333,152.4,9009.78966666667,2754.58766666667,657.754,64.981,11.52,4.38833333333333,59.6173333333333,82.9553333333333,92.6993333333333,38.9946666666667,54.8266666666667,69.661,165.233333333333,148.2,10074.9516666667,2895.207,503.060666666667,43.0736666666667,6.759,3.05166666666667,NA,1635301760.53333,2021,10,27,8,1,17,"Tanima","monsoon","indoor",1.07491179992446
"148",2021-10-27 10:00:00,NA,6.01,NA,94.3666666666667,45.9333333333333,70.2666666666667,1011.70033333333,0.01,36168,0,2579.73333333333,57.928,93.397,108.117666666667,37.902,61.53,75.502,170.533333333333,154.066666666667,9424.468,2880.20866666667,688.014666666667,66.3753333333333,11.24,4.22033333333333,62.2633333333333,86.0526666666667,95.472,40.7593333333333,56.6186666666667,70.7956666666667,166.733333333333,151.233333333333,10510.4946666667,3026.429,514.425,42.449,6.132,2.885,NA,1635305362.73333,2021,10,27,9,1,17,"Tanima","monsoon","indoor",1.08534695806444
"149",2021-10-27 11:00:00,NA,6.01,NA,94.1666666666667,46.3666666666667,70.3666666666667,1011.63633333333,NA,36189.0666666667,0,2019.13333333333,62.9576666666667,103.454666666667,122.090333333333,41.2433333333333,68.2396666666667,82.3916666666667,175.8,157.6,10262.452,3142.43933333333,781.864,81.6103333333333,14.4323333333333,5.52833333333333,67.7606666666667,94.965,105.664666666667,44.4496666666667,62.5783333333333,74.7426666666667,171.433333333333,154.6,11356.592,3274.818,583.849333333333,48.1803333333333,7.31833333333333,3.36866666666667,NA,1635308964.53333,2021,10,27,10,1,17,"Tanima","monsoon","indoor",1.08939784833009
"150",2021-10-27 12:00:00,NA,6.01,NA,94.2,42.8666666666667,68.1333333333333,1010.676,NA,36166.9333333333,0,2419.86666666667,50.1083333333333,82.9756666666667,97.9633333333333,34.1066666666667,55.3136666666667,71.6763333333333,165.233333333333,147.066666666667,8214.40566666667,2515.82533333333,633.870333333333,64.685,11.7543333333333,4.69233333333333,54.355,76.3056666666667,84.4583333333333,36.024,51.973,66.0806666666667,161.833333333333,141.066666666667,9124.55,2635.30633333333,471.283666666667,38.5886666666667,4.76066666666667,2.31333333333333,NA,1635312566.93333,2021,10,27,11,1,17,"Tanima","monsoon","indoor",1.08741159459542
"151",2021-10-27 13:00:00,NA,6.01,NA,94.8666666666667,42.9333333333333,68.7333333333333,1009.543,NA,36191.2,0,1679.3,54.5953333333333,89.2323333333333,104.445666666667,35.8203333333333,58.716,74.1136666666667,168.433333333333,152.633333333333,8900.37366666667,2727.56166666667,674.13,66.782,11.794,4.48333333333333,59.3396666666667,82.9973333333333,92.41,38.8203333333333,54.8143333333333,69.5896666666667,165.2,148.3,9972.86166666667,2878.307,510.627,41.472,6.111,2.76233333333333,NA,1635316167.6,2021,10,27,12,1,17,"Tanima","monsoon","indoor",1.07512289551472
"152",2021-10-27 14:00:00,NA,6.01,NA,94.8666666666667,43.8,69.4666666666667,1008.57666666667,NA,36185.8666666667,0,2620.76666666667,58.1043333333333,96.078,112.956,38.0023333333333,63.336,77.3306666666667,171.933333333333,155.1,9471.09366666667,2902.523,731.426333333333,74.4963333333333,12.949,5.17333333333333,62.9486666666667,88.4423333333333,98.7116666666667,41.2306666666667,58.2226666666667,72.0216666666667,167.933333333333,152.466666666667,10547.477,3046.082,550.610333333333,44.852,6.83733333333333,3.282,NA,1635319770.93333,2021,10,27,13,1,17,"Tanima","monsoon","indoor",1.08633497533233
"153",2021-10-27 15:00:00,NA,6.01,NA,94.8333333333333,43.7666666666667,69.2333333333333,1007.899,NA,36173.3333333333,0,1722.96666666667,74.4106666666667,120.366,141.374333333333,48.867,79.4906666666667,93.5456666666667,184.5,163.433333333333,12058.0656666667,3690.642,895.164333333333,92.9196666666667,15.886,6.05066666666667,79.7856666666667,111.343333333333,122.170333333333,52.4796666666667,73.4936666666667,81.8563333333333,179.833333333333,160.4,13302.4343333333,3839.967,674.675333333333,52.7323333333333,7.6,3.356,NA,1635323372.13333,2021,10,27,14,1,17,"Tanima","monsoon","indoor",1.0810346376074
"154",2021-10-27 16:00:00,NA,6.01,NA,94.8333333333333,42.1333333333333,68.2333333333333,1007.36766666667,NA,36216.5333333333,0,1778.9,55.9376666666667,92.555,109.126666666667,36.8683333333333,60.954,76.232,170.133333333333,153.533333333333,9145.59533333333,2803.66333333333,702.377666666667,71.6266666666667,12.8763333333333,5.35966666666667,60.7313333333333,86.045,96.115,39.7646666666667,56.9873333333333,71.0473333333333,166.833333333333,148.666666666667,10201.171,2948.07166666667,534.655,46.446,6.83666666666667,3.208,NA,1635326973.4,2021,10,27,15,1,17,"Tanima","monsoon","indoor",1.07565808588529
"155",2021-10-27 17:00:00,NA,6.01,NA,93,47.9666666666667,70.1666666666667,1007.19333333333,NA,36182.6666666667,0,1494.86666666667,56.4546666666667,94.3963333333333,114.260333333333,37.451,62.3726666666667,79.422,171.133333333333,152.933333333333,9319.86933333333,2851.824,720.189666666667,82.7883333333333,15.4526666666667,6.24733333333333,61.5273333333333,88.9003333333333,106.842666666667,40.3486666666667,59.1456666666667,75.9116666666667,168.233333333333,149.433333333333,10454.783,3017.16833333333,566.710333333333,66.936,15.5403333333333,7.99433333333333,NA,1635330573.36667,2021,10,27,16,1,17,"Tanima","monsoon","indoor",1.0618220404123
"156",2021-10-27 18:00:00,NA,6.01,NA,93.6666666666667,49,71.4,1007.65533333333,NA,36162.4,0,2532.86666666667,52.215,84.4733333333333,99.3336666666667,34.7313333333333,55.783,72.23,165.933333333333,149.1,8590.42166666667,2618.475,619.800333333333,64.6536666666667,11.5573333333333,4.35733333333333,57.18,79.8403333333333,91.4743333333333,37.3833333333333,53.236,69.1413333333333,163.566666666667,144.733333333333,9746.562,2796.643,483.668666666667,47.7136666666667,8.765,4.38766666666667,NA,1635334176.3,2021,10,27,17,1,17,"Tanima","monsoon","indoor",1.05802831484504
"157",2021-10-27 19:00:00,NA,6.01,NA,94.3333333333333,48.0666666666667,71.4,1007.835,0.01,36140.2666666667,0,2940.83333333333,55.2323333333333,86.6623333333333,101.230666666667,36.1973333333333,57.0663333333333,72.9736666666667,167.033333333333,151.566666666667,9065.40233333333,2754.957,615.293,61.8376666666667,11.379,4.53833333333333,60.0323333333333,82.3083333333333,93.874,39.274,54.322,70.14,164.8,147.233333333333,10287.1293333333,2938.599,481.707666666667,46.6436666666667,8.67666666666667,4.38766666666667,NA,1635337778.83333,2021,10,27,18,1,17,"Tanima","monsoon","indoor",1.05289865343728
"158",2021-10-27 20:00:00,NA,6.01,NA,93.2,49,71,1008.299,NA,36199.2,0,1018.5,57.544,90.517,105.487,37.643,59.622,74.581,169,153.1,9426.142,2868.722,645.446,64.162,11.616,4.404,61.996,85.553,97.181,40.567,56.334,71.418,166.6,151,10617.505,3034.636,501.691,49.279,8.256,4.24,NA,1635340180,2021,10,27,19,1,17,"Tanima","monsoon","indoor",1.05802251236076
